line_id,episode,scene_number,character,text,is_meme,potential_score,length,is_short,is_medium,is_long,n_pronouns,n_emotion,n_particles,n_punct,has_question,has_exclaim,is_huang,is_zhen,is_anlin,is_huangfei,is_eunuch,is_other
ep63-996-000,ep63,996,皇帝,祺贵人，瓜尔佳氏危言耸听，扰乱宫闱，打入冷宫。康常在、贞嫔，捕风捉影，以讹传讹，罚俸六个月。其余的交给熹贵妃处置。,0,0.8798789150000061,57,0,0,1,0,0,0,10,0,0,1,0,0,0,0,0
ep56-892-016,ep56,892,皇帝,正是因为碎玉轩的梨树奇佳却不能移植，才只好以此物代替。苏培盛，安排得力的宫人在永寿宫伺候。,0,0.8696784902413601,45,0,0,1,0,0,0,4,0,0,1,0,0,0,0,0
ep63-996-005,ep63,996,静白,是。熹贵妃娘娘初来甘露寺时，素不理睬众人，咱们这些人也只得敬而远之了，那时宫中常有一位年长的姑姑前来探望娘娘，除此之外便只有一位姓温的太医常来探望的，贫尼有几次经过娘娘的住处，见白日里娘娘的房门有时也掩着，而两个侍女都守在外头，贫尼当时看着深觉不妥，想劝解几句，反倒被娘娘给骂了回来，贫尼便也不好再说什么了，后来为避寺中流言，熹贵妃称病搬离甘露寺，独自携了侍女住在凌云峰，从此之后是否还有往来，贫尼便不得而知了。,0,0.8535761141370671,206,0,0,1,0,0,5,18,0,0,0,0,0,0,0,1
ep56-891-010,ep56,891,皇帝,好，随你挑就是。当年为祈国运昌隆，熹妃诞下四阿哥后，不顾一己之身，自请出宫祈福，朕感其心意，特册为熹妃迎回宫中。,1,0.8521899805887964,56,0,0,1,2,0,0,8,0,0,1,0,0,0,0,0
ep76-1181-000,ep76,1181,弘历,朕今日登基，当行仁孝之道，尊先帝世宗遗命，追尊嫡母纯元皇后为孝敬皇太后，尊生母熹贵妃为圣母皇太后，福晋富察氏为皇后，侧福晋乌拉那拉氏为娴妃，册礼追封之事皆由礼部郑重相待。,0,0.8426527851838497,85,0,0,1,1,0,0,8,0,0,0,0,0,0,0,1
ep56-892-002,ep56,892,皇帝,朕叫他们重修永寿宫的时候，嘱咐他们涂制椒墙，昔日椒房贵宠，今又在矣。,0,0.835924251212692,34,0,0,1,1,0,0,4,0,0,1,0,0,0,0,0
ep56-892-005,ep56,892,皇帝,去看看你的寝殿如何。苏培盛，整修永寿宫这事办得不错，回头朕要褒奖内务府的督办官员。,0,0.8315930430260366,41,0,0,1,2,0,0,4,0,0,1,0,0,0,0,0
ep56-891-007,ep56,891,允礼,是。奉天承运，皇帝诏曰：惟赞宫廷而衍庆，端赖柔嘉，钮祜禄甄嬛，毓质名门，温恭懋著，仰承皇太后慈谕，册为熹妃，钦此。熹妃至此，臣弟也算功德圆满。,1,0.8265809871014533,71,0,0,1,0,0,0,13,0,0,0,0,0,0,0,1
ep76-1180-008,ep76,1180,甄嬛,本宫既然掌管六宫事宜，那诸位亲王不得不听完本宫说完这一句再分辩。先帝圣明，虽然喜爱六阿哥，却也知主少国疑，一切以国事为重。,0,0.8212081910423968,61,0,0,1,0,0,0,6,0,0,0,1,0,0,0,0
ep63-996-017,ep63,996,文鸳,温太医当咱们都是傻子吗，谁不知道槿汐和浣碧是熹贵妃的心腹，她们的证词怎么可以作数？温实初与甄嬛自幼青梅竹马，入宫后二人眉目传情，待甄嬛出宫后温实初私下探访，二人暗通款曲，甄嬛再设计搬去凌云峰独居，私相往来，如同做了夫妻一般，以至甄嬛回宫后，二人在大内也不顾廉耻暗自苟且。,0,0.8208243775057483,135,0,0,1,0,0,1,12,1,0,0,0,0,0,0,1
ep63-996-028,ep63,996,文鸳,臣妾有凭证证实熹贵妃与温实初私通，熹贵妃出宫后，温实初屡屡入甘露寺探望，孤男寡女常常共处一室，皇上若不信，大可传甘露寺姑子细问，此刻人已在宫中。,0,0.8200557533604111,72,0,0,1,1,0,0,7,0,0,0,0,0,0,0,1
ep76-1180-015,ep76,1180,甄嬛,先帝高瞻远瞩，早将亲笔密旨黄纸固封，贮于锦匣内，搁置在乾清宫正大光明牌匾之后，诸位王爷及亲贵大臣可前往乾清宫检验。,0,0.8149513146048104,57,0,0,1,0,0,0,5,0,0,0,1,0,0,0,0
ep56-892-021,ep56,892,皇帝,论起对熹妃的贴心，莫若惠嫔。朕先去皇额娘那儿请安，晚上再来看你。,0,0.8142143640321272,32,0,0,1,2,0,0,4,0,0,1,0,0,0,0,0
ep63-996-026,ep63,996,文鸳,熹贵妃是有孕回宫，即在外头有孕，皇上不便时时去看望熹贵妃，按静白师父所说，倒是温太医来往频繁，那么熹贵妃这胎……,0,0.8100947670006197,56,0,0,1,0,0,0,5,0,0,0,0,0,0,0,1
ep76-1185-019,ep76,1185,甄嬛,今日是皇帝登基后你们头一次来寿康宫请安，哀家有几句话要嘱咐你们：皇帝年轻，宫里嫔妃只有你们两人，今后人多也好，人少也好，哀家眼里见不得脏东西，你们自己好自为之，别做出什么伤天害理的事来。,0,0.8052787326529373,93,0,0,1,4,0,0,9,0,0,0,1,0,0,0,0
ep63-996-095,ep63,996,澜依,臣妾才要回宫休息，谁知在路上碰见二小姐带着丫头和公公，说要去找熹贵妃，臣妾见她带的公公是小允子，小允子说他也在甘露寺有故人相识，臣妾就想这静白师父一人话不可信，多个人也好，所以就把自己宫中的腰牌给了小允子让他去找人，谁知这二小姐和小允子脚步倒挺快，赶着就回来了。,1,0.8028878418440623,131,0,0,1,3,0,2,10,0,0,0,0,0,0,0,1
ep56-891-006,ep56,891,皇帝,果郡王既为册封使，便代朕将册封熹妃之旨晓谕六宫，此刻诸妃皆在，劳十七弟宣读吧。,1,0.8002365949639183,39,0,0,1,1,0,1,4,0,0,1,0,0,0,0,0
ep63-996-018,ep63,996,槿汐,皇上，奴婢在宫中服侍数十年，熹贵妃娘娘并非奴婢服侍的第一位主子，也并非奴婢服侍的时间最长的一位，所以实在无须偏私，奴婢平心静气地说一句公公正正的话：熹贵妃娘娘和温大人绝无私情。,0,0.7952197404856007,88,0,0,1,4,0,0,7,0,0,0,0,0,0,0,1
ep56-899-022,ep56,899,甄嬛,皇上是一国之君，不是臣妾一人之君，朝堂之事臣妾虽为父亲伤心，却也只会恨诬陷之人，不敢怨恨皇上，臣妾当日执意离宫，是以为皇上对臣妾毫无情分，因而万念俱灰，可皇上来看臣妾，臣妾就知道皇上并非无情，今日侥幸回宫，臣妾只想安心侍奉皇上，弥补过错。,0,0.7938356402955576,119,0,0,1,7,0,0,13,0,0,0,1,0,0,0,0
ep63-996-033,ep63,996,皇帝,熹贵妃的早产乃是夜猫冲撞，谁能预料？再说熹贵妃的身子本来就虚弱，胧月也是八个月所生，可见传言不真。,0,0.7937523221459069,49,0,0,1,0,0,0,5,1,0,1,0,0,0,0,0
ep63-996-111,ep63,996,澜依,熹贵妃这话不错，若由得此人在宫中兴风作浪，只怕这后宫以后的日子还是不得安宁，还望皇上早下决断。,0,0.7928657277599467,47,0,0,1,0,0,0,4,0,0,0,0,0,0,0,1
ep63-996-053,ep63,996,允禧,皇兄可曾想过，若弘曕与皇兄滴血验亲，即便证明是皇兄亲生，将来弘曕长大知道，也会有伤皇兄父子情分，若皇兄真对弘曕寄予厚望，世人也会对其加以诟病啊。,0,0.7915109049553376,72,0,0,1,0,0,1,7,0,0,0,0,0,0,0,1
ep76-1184-019,ep76,1184,甄嬛,你放心，新帝纯孝仁厚，不会不顾您的名分，昨日哀家与新帝已商定，依旧尊您为皇后，当然，这得在您活着的时候，皇后息怒。,0,0.79009147593345,57,0,0,1,1,0,0,8,0,0,0,1,0,0,0,0
ep76-1187-017,ep76,1187,甄嬛,父母之爱子，必为之计深远，皇帝并非我亲生，又多疑多思，只有让弘曕出嗣旁支，永无继位之可能，才能保住弘曕永生平安。,0,0.7897149794621584,56,0,0,1,1,0,0,7,0,0,0,1,0,0,0,0
ep63-996-039,ep63,996,文鸳,熹贵妃宫外得子而回，本就叫人疑虑，当时跟在熹贵妃身边的就只有槿汐和浣碧两人，依臣妾之见，唯有重刑拷打必有收获。,0,0.7880657225753154,55,0,0,1,1,0,0,5,0,0,0,0,0,0,0,1
ep56-896-024,ep56,896,甄嬛,小允子过来，那匹浅碧色的锦缎给宁贵人送去，本宫看她大约喜欢绿色，那颜色也衬得起她。,1,0.7826808629427792,41,0,0,1,0,0,0,4,0,0,0,1,0,0,0,0
ep56-892-010,ep56,892,皇帝,你不必心有不安，永寿宫的种种布置皆是朕的意思，皇后更着意添了许多，无人敢妄论。,0,0.7796644108478257,39,0,0,1,2,0,1,4,0,0,1,0,0,0,0,0
ep63-996-043,ep63,996,槿汐,皇上，为保娘娘清白，奴婢愿承受任何刑罚，只是熹贵妃娘娘千金贵体不能无人照拂，还请皇上免于浣碧姑娘刑罚。,0,0.7790725647588356,51,0,0,1,1,0,0,5,0,0,0,0,0,0,0,1
ep76-1187-013,ep76,1187,弘历,皇额娘事事为儿子考虑，儿子感激不尽，唯有以天下养，才能报答皇额娘的养育扶持之恩。,0,0.7772089199112893,40,0,0,1,0,0,0,4,0,0,0,0,0,0,0,1
ep56-898-006,ep56,898,甄嬛,昨日人多不好言谢，今日见到姐姐，很感谢姐姐多年来对胧月的悉心照顾、视如己出。,0,0.7758391845275844,38,0,0,1,0,0,0,4,0,0,0,1,0,0,0,0
ep76-1187-005,ep76,1187,弘历,到时候再挑好的继承果亲王后嗣就是。这几日儿子读书，有些困惑之处，想请教皇额娘。,0,0.7749046460614771,39,0,0,1,0,0,0,4,0,0,0,0,0,0,0,1
ep63-996-035,ep63,996,文鸳,宫中野猫为何无缘无故会去扑人？又不偏不倚地扑在熹贵妃的轿子上？若是旁人有意陷害，为何熹贵妃事后并不追究，更不置一词？除非这根本就是熹贵妃妊娠之期已到，为掩人耳目所寻的借口。,0,0.7745075148842643,86,0,0,1,0,0,0,7,1,0,0,0,0,0,0,1
ep76-1187-011,ep76,1187,弘历,皇额娘思虑周详，儿子自然允许，等六弟长大成人，儿子会让他享亲王尊位，一生荣华。,0,0.7729818647203784,39,0,0,1,0,0,0,5,0,0,0,0,0,0,0,1
ep56-893-000,ep56,893,温实初,娘娘请放心，此物里并没有麝香一类的伤胎之药，倒是梨香清甜，是上好的安神之物。,0,0.7725835132289439,38,0,0,1,0,0,0,4,0,0,0,0,0,0,0,1
ep56-893-002,ep56,893,温实初,娘娘小心是应当的，只是微臣多嘴一句：在用此香的时候，房中断断不可放有依兰花。,0,0.7725835132289439,38,0,0,1,0,0,0,4,0,0,0,0,0,0,0,1
ep63-996-017,ep63,996,文鸳,佛门清净地本是供人清心净修的，甄嬛生性淫贱，竟在甘露寺修行时大行秽乱之事。,0,0.7721846687541887,37,0,0,1,0,0,0,3,0,0,0,0,0,0,0,1
ep76-1187-008,ep76,1187,甄嬛,皇帝身为人君，读这些书是好的，哀家这些日子正想着一事，今日正好告诉皇帝。,0,0.7711937123190146,36,0,0,1,0,0,0,4,0,0,0,1,0,0,0,0
ep76-1186-002,ep76,1186,甄嬛,许多年前，允礼或许也是如此，临风窗下，吟诵他原本应该平安闲逸的人生。,0,0.7664809449165256,34,0,0,1,0,0,0,4,0,0,0,1,0,0,0,0
ep56-892-020,ep56,892,苏培盛,皇上，惠嫔听闻娘娘回宫，怕旁人伺候娘娘不惯，所以特让小允子回来侍奉着。,1,0.7655191828984778,35,0,0,1,0,0,0,4,0,0,0,0,0,0,0,1
ep76-1179-036,ep76,1179,甄嬛,四郎，那年杏花微雨，你说你是果郡王，也许从一开始便都是错的。（出，宣）皇上驾崩——皇上驾崩——皇上驾崩……,1,0.7651904782687603,53,0,0,1,2,0,0,5,0,0,0,1,0,0,0,0
ep56-899-014,ep56,899,甄嬛,臣妾乃戴罪之身，皇上顾念旧情来甘露寺探望，臣妾感激涕零，不想一朝有孕，皇上思虑皇儿是皇室血脉，不忍其流落在外，所以格外怜悯臣妾。,0,0.7651554355382888,64,0,0,1,3,0,0,7,0,0,0,1,0,0,0,0
ep76-1179-002,ep76,1179,皇帝,朕记得你刚入宫的时候性子孤傲冷淡，现在是是越来越柔情似水了。,0,0.7624869041708844,30,0,0,1,2,0,1,2,0,0,1,0,0,0,0,0
ep63-996-015,ep63,996,贞嫔,若真如斐雯所说，万一哪天熹贵妃暗下毒手，那这后宫的秽乱之事就没人再知道了，这样说来，她向祺贵人求助也不是全无道理。,0,0.7608153099217762,57,0,0,1,0,0,1,5,0,0,0,0,0,0,0,1
ep63-996-001,ep63,996,斐雯,奴婢伺候娘娘，有什么心胸都牵挂在娘娘身上，但是奴婢在宫里当差，只能对皇上一人尽忠，若有得罪还请娘娘恕罪。,0,0.7594135118481574,52,0,0,1,2,0,0,5,0,0,0,0,0,0,0,1
ep76-1187-001,ep76,1187,弘历,今日慎郡王上书，说膝下唯有一女，王嗣无继，希望以果亲王之子入继。,0,0.758304060958825,32,0,0,1,0,0,0,4,0,0,0,0,0,0,0,1
ep56-892-031,ep56,892,槿汐,朝臣们总是满口酸话，不要紧的，娘娘不必听这些，要紧的是景仁宫。,0,0.7558656774849611,31,0,0,1,0,0,0,4,0,0,0,0,0,0,0,1
ep56-892-017,ep56,892,苏培盛,皇上放心，一干人等均已安排妥当。（拍手，小允子等一干仆从入）,1,0.7554467940537237,30,0,0,1,0,0,0,3,0,0,0,0,0,0,0,1
ep76-1180-011,ep76,1180,甄嬛,先帝有亲笔密旨：四阿哥弘历，人品贵重，历练有成，宜承继大统。,0,0.75482627444086,30,0,0,1,0,0,0,5,0,0,0,1,0,0,0,0
ep63-996-110,ep63,996,甄嬛,皇上，祺贵人指使玢儿、斐雯与静白污蔑臣妾，此事昭然若揭，只是不知还有谁背后指使祺贵人，否则她没有那么大的胆子，也想不了这么周全。,0,0.7544611719988976,64,0,0,1,1,0,1,7,0,0,0,1,0,0,0,0
ep76-1179-022,ep76,1179,皇帝,答得好，答得好。没错，这天下都是朕的，不过很快就是你的了。,0,0.7540134119202673,29,0,0,1,2,0,1,5,0,0,1,0,0,0,0,0
ep76-1185-001,ep76,1185,敬贵太妃,也不拘住在哪儿，只要姐妹们能在一起说说笑笑的，这就是好的。,0,0.7529889744425343,29,0,0,1,0,0,0,3,0,0,0,0,0,0,0,1
ep63-996-006,ep63,996,槿汐,胡言乱语，娘娘的紫檀桌上何曾有琉璃花樽，那分明是青玉的。,0,0.7505146108452215,28,0,0,1,0,0,0,3,0,0,0,0,0,0,0,1
ep76-1184-017,ep76,1184,甄嬛,当皇帝未必是天下第一得意事，先帝生前受了后宫多少算计，连他自己都算不清，哀家可怕极了将来自己的儿子会娶上一位像您这样的皇后，算计得先帝几乎断子绝孙。,0,0.7492186127590555,74,0,0,1,0,0,2,5,0,0,0,1,0,0,0,0
ep63-1002-002,ep63,1002,宝鹊,还不是祺贵人闹起来，说六阿哥是贵妃和温太医生的。（眉庄气急）奴婢先告退。,0,0.747130739821494,36,0,0,1,1,0,0,3,0,0,0,0,0,0,0,1
ep63-996-009,ep63,996,静白,甘露寺少有男子往来，温太医频频出入，贫尼断不会认错。,0,0.7455164636292733,26,0,0,1,0,0,0,3,0,0,0,0,0,0,0,1
ep56-892-000,ep56,892,皇帝,朕知道你喜欢赏莲，便叫人挪了这几十缸莲花摆在永寿宫前，方便你赏玩。,0,0.7448035731434892,33,0,0,1,3,0,1,3,0,0,1,0,0,0,0,0
ep63-996-013,ep63,996,敬妃,你这丫头真是，竟敢日日盯着熹贵妃私自窥探。皇后娘娘，臣妾认为此事颇为蹊跷，定是幕后有人主使，这丫头讲的话不能相信，恐怕后面还有更大的阴谋呢。,0,0.742578801145912,70,0,0,1,2,0,1,7,0,0,0,0,0,0,0,1
ep56-899-005,ep56,899,太后,虽然奢华，皇帝要宠着你，也不算什么。这药喝得哀家舌头发苦，去倒掉也罢。,0,0.7404153304802593,35,0,0,1,1,0,0,5,0,0,0,0,0,0,0,1
ep63-1000-004,ep63,1000,浣碧,要找甘露寺的人得找莫言，二小姐，我们务必要在宫门下钥之前赶回来。,0,0.7369802963901171,32,0,0,1,1,0,0,3,0,0,0,0,0,0,0,1
ep76-1187-010,ep76,1187,甄嬛,弘曕是哀家幼子，又曾被先帝议储，如今弘曕已经长大，若是外头再起闲话动摇江山，岂非是哀家的罪过？所以哀家想请皇帝同意让弘曕入嗣果亲王一脉。,0,0.7359251847768459,68,0,0,1,0,0,0,6,1,0,0,1,0,0,0,0
ep63-996-016,ep63,996,温实初,皇上，熹贵妃所居之地的确偏僻，但是有浣碧和槿汐二位姑姑替微臣作证，微臣与娘娘的确是清白的呀。,0,0.7354198845998698,46,0,0,1,0,0,1,4,0,0,0,0,0,0,0,1
ep63-996-003,ep63,996,斐雯,只要是在宫里伺候，无论服侍哪位小主，奴婢都会赴汤蹈火在所不辞。,0,0.734402134159657,31,0,0,1,1,0,0,3,0,0,0,0,0,0,0,1
ep76-1184-004,ep76,1184,丫鬟,早些年是，先帝驾崩后皇后日夜痛哭，眼睛不大好了，便不再成天望着这些乱飞的鸽子。依太后娘娘的吩咐，这些鸽子老了就再养，总是要活蹦乱跳爱飞的那些。,0,0.7338154659745058,71,0,0,1,0,0,2,7,0,0,0,0,0,0,0,1
ep63-996-025,ep63,996,敬妃,这会子倒顾及着姐妹情深了，熹贵妃当年在甘露寺也不见她遣人去问候一声，倒是劳烦人家温太医。,0,0.732387559678241,44,0,0,1,0,0,1,3,0,0,0,0,0,0,0,1
ep76-1184-021,ep76,1184,甄嬛,先帝的确答允孝恭太后，乌拉那拉氏不出废后，所以您还是皇后，一直到您死。先帝还说过与你死生不复相见，若您成了太后，他日必定要与先帝同葬陵寝，岂非要先帝食言，魂魄不宁？所以哀家决定，要让先帝与纯元皇后同葬泰陵，你死后则葬入妃陵。,0,0.728591843619422,112,0,0,1,2,0,1,12,1,0,0,1,0,0,0,0
ep56-896-015,ep56,896,眉庄,钦天监的副使季惟生，办事倒勤勤勉勉，我看是个可用的人才。,0,0.726571518201194,28,0,0,1,1,0,0,3,0,0,0,0,0,0,0,1
ep63-996-013,ep63,996,静白,阿弥陀佛，修行之人怎可轻易踏进红尘之中？贫尼只两年前为宝华殿送过一本手抄的金刚经，除此之外便再无踏足。小主得皇上厚爱，本该供个大海灯，只是小主位分只在贵人，每日供个两三斤就可以了。,0,0.7249710641068059,90,0,0,1,0,0,1,8,1,0,0,0,0,0,0,1
ep76-1185-018,ep76,1185,青樱,臣妾只知寿康宫，不知景仁宫，且乌拉那拉氏虽为臣妾的表姑母，但更是大清的罪人，臣妾应当公私分明。,0,0.7229437024597146,47,0,0,1,3,0,0,5,0,0,0,0,0,0,0,1
ep56-900-012,ep56,900,轿夫,奴才们怎么敢蒙姑娘啊，这虽然不是最近的路，这可是夏天最凉爽的路啊。幸好娘娘没事，要是有点什么闪失，那奴才们就算有一百个头也不够砍哪。,0,0.7228742186262922,66,0,0,1,0,0,2,6,0,0,0,0,0,0,0,1
ep56-899-033,ep56,899,太后,皇帝年纪渐长，但是身边的人却不如以往清净，现在你既然回来了，凡事都要规劝着皇上，想必他也能听进去几句。,0,0.7218264632507753,51,0,0,1,1,0,1,5,0,0,0,0,0,0,0,1
ep63-996-012,ep63,996,端妃,想来若温太医和熹贵妃真有私情，自然是会防着别人的，怎么斐雯回回都能瞧得见，还瞧得那么真切？难道斐雯事事分外留心主子的一言一行？,0,0.7213097009072797,63,0,0,1,0,0,0,5,1,0,0,0,0,0,0,1
ep76-1184-025,ep76,1184,甄嬛,没有你，何来今日的甄嬛？哀家能有今日，全靠皇后您一手指点历练，自然感恩戴德，尽力保全您此身荣华。只是哀家已是太后，秉承先帝旨意就要替先帝成全，他日史书工笔，前朝、后宫都不会有你只字片语，您就好好颐养天年吧，皇后。（离去）,0,0.7211115587424037,110,0,0,1,2,0,1,13,1,0,0,1,0,0,0,0
ep76-1180-003,ep76,1180,甄嬛,国家大事，深宫妇人怎么懂得？只是先帝在时多番提起储位之事，临终也有吩咐，本宫一直不敢妄言，今日诸位亲王都在，本宫只得据实相告。,0,0.7206345946986158,63,0,0,1,0,0,0,7,1,0,0,1,0,0,0,0
ep56-899-035,ep56,899,太后,你聪明机慧，哀家的话自然一点就透。既然说到妾妃之德，你一定要尊重皇后。,0,0.7181000352436324,35,0,0,1,2,0,0,4,0,0,0,0,0,0,0,1
ep56-895-001,ep56,895,甄嬛,留得住一时也留不住一世，即便做成香囊，到底还是要枯萎的，不如随它去吧。,0,0.7099363042022784,35,0,0,1,0,0,1,4,0,0,0,1,0,0,0,0
ep56-893-005,ep56,893,甄嬛,宫中不许妃嫔擅用媚药迷惑皇上，何人敢用此物，何况依兰花更是少见了。,0,0.706728384525355,33,0,0,1,0,0,1,3,0,0,0,1,0,0,0,0
ep76-1183-005,ep76,1183,甄嬛,她或许还痴心妄想，想着哪位新帝登基，能挪她出景仁宫，尊她为太后呢。,0,0.7044453556480186,33,0,0,1,0,0,1,4,0,0,0,1,0,0,0,0
ep63-996-063,ep63,996,甄嬛,皇上，您这一动手，即便认定弘曕是皇上亲生，来日里也会被世人诟病他是被皇上疑心过血统的孩子，将来如何让弘曕立足？,0,0.7033958097948672,55,0,0,1,0,0,0,5,1,0,0,1,0,0,0,0
ep56-891-009,ep56,891,允礼,皇上若高兴的话，将珍藏的几幅古画赏给臣弟就是了，免得臣弟日思夜想。,0,0.7028533979955431,33,0,0,1,0,0,1,3,0,0,0,0,0,0,0,1
ep56-892-008,ep56,892,皇帝,嬛嬛，你在外头受了许多苦，朕今日所做的不过只能补偿万一罢了。,0,0.7002822115897136,30,0,0,1,2,0,2,3,0,0,1,0,0,0,0,0
ep56-898-004,ep56,898,敬妃,这里真是凉爽啊，皇上让人用三个月修的永寿宫果然甚好。胧月快点叫。,0,0.7000768542830393,32,0,0,1,0,0,1,3,0,0,0,0,0,0,0,1
ep63-996-044,ep63,996,文鸳,慎贝勒眼高于顶，一向不爱与后宫妃嫔来往，怎么今日倒能说出熹贵妃这么多好处来？亲力亲为？倒像是王爷亲眼所见似的。,0,0.6994955132154012,55,0,0,1,0,0,0,5,1,0,0,0,0,0,0,1
ep76-1179-029,ep76,1179,甄嬛,皇上圣明，不过皇上放心，臣妾再恨毒了您，也会好好抚育静和公主。眉姐姐若知道她和温实初的孩子得皇上多年疼惜，九泉之下应该也会高兴吧。,0,0.6984794262322291,65,0,0,1,1,0,2,6,0,0,0,1,0,0,0,0
ep63-1000-005,ep63,1000,玉娆,好，我和小允子去，你就留在这里免得再出事。阿绿，你是宁贵人身边的人，你就到宫门口接应。小允子快走。,1,0.6983780131932253,49,0,0,1,4,0,0,7,0,0,0,0,0,0,0,1
ep63-1002-004,ep63,1002,采月,小主断不能去，如果真按宝鹊所说的那样，您去了肯定会惊动胎气的。,0,0.6972855404401581,31,0,0,1,0,0,1,3,0,0,0,0,0,0,0,1
ep56-893-012,ep56,893,弘历,儿子也有好些时间没见额娘了，心里很想念额娘。惠嫔娘娘告诉我，只要有额娘在，我就不再是没有额娘的野孩子。,0,0.6962444727929991,51,0,0,1,2,0,1,5,0,0,0,0,0,0,0,1
ep76-1179-017,ep76,1179,甄嬛,宫中人人都道皇上快驾崩了，提早哭一哭，不是哭皇上，是哭自己。,0,0.6960970079233315,30,0,0,1,0,0,1,4,0,0,0,1,0,0,0,0
ep56-896-001,ep56,896,甄嬛,这汤不错，同样是安胎定神，可比那些苦得倒胃的安胎药强多了。,0,0.6956168705177157,29,0,0,1,0,0,1,3,0,0,0,1,0,0,0,0
ep76-1187-007,ep76,1187,弘历,儿子读《郑伯克段于鄢》，见郑国之祸皆因姜氏宠爱幼子、苛待长子而起，儿子心想，亲子尚且如此，若是养子又该如何？,0,0.6943738018263068,54,0,0,1,0,0,0,6,1,0,0,0,0,0,0,1
ep56-899-016,ep56,899,甄嬛,臣妾不敢欺瞒太后，皇上与臣妾并非偶遇，因为当时臣妾未出月而离宫，身子一直不好，所以迁居凌云峰长住，皇上来甘露寺时不见臣妾，以为臣妾还病着，故而到了凌云峰探望。,0,0.6930023829190309,79,0,0,1,5,0,1,8,0,0,0,1,0,0,0,0
ep56-896-031,ep56,896,甄嬛,怎么那么多话，不过一匹料子而已。小允子，你去告诉宁贵人，大热天的不必来谢恩了。,1,0.6927607544190981,39,0,0,1,1,0,1,5,0,0,0,1,0,0,0,0
ep63-996-100,ep63,996,敬妃,皇上，如若不是温太医常去探望，熹贵妃可能现在都不在这里了。,0,0.6916591228257033,29,0,0,1,0,0,1,3,0,0,0,0,0,0,0,1
ep56-896-009,ep56,896,眉庄,你回来我当然是高兴的，只是少不得又要过从前一样不安生的日子，我不知道这样的日子对你是好还是不好，或许我不该告诉你伯父的事。,0,0.6864423137684835,61,0,0,1,6,0,0,4,0,0,0,0,0,0,0,1
ep56-899-039,ep56,899,太后,光知道没用，要做到才行，你们两个如果能在皇帝身边好好辅佐，哀家也就安心了。,0,0.6854442740989016,37,0,0,1,1,0,1,4,0,0,0,0,0,0,0,1
ep56-896-032,ep56,896,眉庄,我可告诉你一句，不必对她太好，太后就头一个不待见她了，她的性子又孤傲，合宫里没有和她处得来的。,0,0.6849128373049962,47,0,0,1,2,0,1,5,0,0,0,0,0,0,0,1
ep76-1185-005,ep76,1185,欣太嫔,温宜公主已经去陪着了，姐姐挂念女儿，必定会保重身子。,0,0.6831120768200861,26,0,0,1,0,0,1,3,0,0,0,0,0,0,0,1
ep56-893-015,ep56,893,甄嬛,弘历，你虽然知道额娘疼你，但有几句话额娘还是要告诉你。宫里有你许多额娘，有皇额娘，还有皇阿玛，可是你要记住，无论你的生母是谁、你有多想她，人前人后我都是你的生母。你不能自怨自艾，因为你是爱新觉罗氏和钮祜禄氏的儿子，额娘的荣辱和你的荣辱是一体的。,0,0.6830165567673077,122,0,0,1,12,0,0,13,0,0,0,1,0,0,0,0
ep56-896-006,ep56,896,甄嬛,这么多年了，还是姐姐做的藕粉桂花糖糕最好吃，我在外面也时常想着。,0,0.6774825232037198,32,0,0,1,1,0,1,3,0,0,0,1,0,0,0,0
ep76-1179-031,ep76,1179,甄嬛,比起皇上残杀手足之毒，臣妾甘拜下风，以彼之道还施彼身，臣妾觉得还不及皇上十中之一呢。,0,0.6769439748549763,42,0,0,1,2,0,1,4,0,0,0,1,0,0,0,0
ep56-893-017,ep56,893,甄嬛,额娘回宫，宫里的流言不少，你听到了就当没听到，你只要记住你是皇上的儿子，尊贵的皇子，和其他阿哥都是一样的。,0,0.676901323211046,53,0,0,1,3,0,1,6,0,0,0,1,0,0,0,0
ep56-894-006,ep56,894,甄嬛,皇后关怀，臣妾也不敢太放肆。臣妾在外，不敢忘了皇后恩德，因此日日祝祷，奉了佛珠在佛前开光，希望有朝一日可以奉送给娘娘，保佑娘娘岁岁安康。,0,0.6756389699725002,68,0,0,1,2,0,2,8,0,0,0,1,0,0,0,0
ep76-1179-012,ep76,1179,甄嬛,皇上圣明庇佑，臣妾只须依赖皇上，其余什么都不用知道。皇上服药吧。,0,0.675076497265909,32,0,0,1,1,0,1,4,0,0,0,1,0,0,0,0
ep56-900-002,ep56,900,甄嬛,胧月竟这样舍不得敬妃，可见这些年敬妃真真是待胧月好，方才见她们母女情分这样深，即便我强要了胧月回来，胧月与我也只会更生分，怕也伤了我与敬妃多年的情分。,0,0.6736042235387195,75,0,0,1,3,0,2,6,0,0,0,1,0,0,0,0
ep56-892-013,ep56,892,甄嬛,此香原是南唐国国后周娥皇所制，南唐国破后，此香已失传已久，不知皇上从何寻得这样的好香？,0,0.6715944203350662,43,0,0,1,0,0,0,4,1,0,0,1,0,0,0,0
ep63-996-112,ep63,996,甄嬛,祺贵人，你若肯供出幕后指使，本宫或许可以饶过你，你这条命要不要全在你。,0,0.66941873017425,35,0,0,1,4,0,0,4,0,0,0,1,0,0,0,0
ep56-900-003,ep56,900,眉庄,你明白就好，孩子还小嘛，你对她好，她自然也会对你好，更何况她总是你亲生的。,0,0.6687330101516706,37,0,0,1,4,0,0,5,0,0,0,0,0,0,0,1
ep76-1179-008,ep76,1179,甄嬛,夏刈不能伺候皇上，反而使皇上忧心，臣妾已经替皇上处置了他。,0,0.6687307208166113,29,0,0,1,1,0,1,3,0,0,0,1,0,0,0,0
ep56-900-001,ep56,900,眉庄,你不必怪敬妃，也不用怪胧月，怪只怪皇上不让胧月知道有你这个生母。两年前有个宫女说漏了嘴，说胧月的生母在甘露寺，皇上一怒竟叫打死了。,0,0.6676068550915178,65,0,0,1,2,0,2,6,0,0,0,0,0,0,0,1
ep63-996-091,ep63,996,文鸳,皇上，即便六阿哥是皇上亲生，可熹贵妃与温实初有私，三人皆是见证，难道皇上也不闻不问吗？,0,0.6650298589237537,43,0,0,1,0,0,0,5,1,0,0,0,0,0,0,1
ep63-996-031,ep63,996,皇帝,以讹传讹？那你告诉朕是什么讹传，若真有唯恐后宫不乱的厥词，你作为后宫之首为何不早点平息，安定宫闱呢？,0,0.6641930586671232,50,0,0,1,3,0,1,5,1,0,1,0,0,0,0,0
ep56-896-000,ep56,896,槿汐,奴婢让小厨房进了一碗安胎定神的桑寄生杜仲贝母汤，您尝尝。,0,0.6640860547927828,28,0,0,1,1,0,1,2,0,0,0,0,0,0,0,1
ep56-892-029,ep56,892,甄嬛,说本宫是废妃之身回宫，已是闻所未闻，又如此张扬奢靡，是祸乱后宫的妖孽祸水，是不是？,0,0.6632692490850646,41,0,0,1,0,0,0,5,1,0,0,1,0,0,0,0
ep56-899-007,ep56,899,太后,一向哀家瞧着你是多稳重的一个人，如今也学会油嘴滑舌了。,0,0.661121922250604,27,0,0,1,1,0,1,2,0,0,0,0,0,0,0,1
ep63-996-011,ep63,996,斐雯,奴婢日夜心里只牵挂着这件大事，哪里还留心得了别的事情。,0,0.661121922250604,27,0,0,1,1,0,1,2,0,0,0,0,0,0,0,1
ep56-900-014,ep56,900,眉庄,再往前走就是祺嫔的储秀宫了。一般来说，若无特别的盼咐，都是怎么来的就按原路回去，今儿天热，他们走了这条路也是必然之理。看来是有人存心了。,0,0.6609568013534098,68,0,0,1,0,0,3,7,0,0,0,0,0,0,0,1
ep56-899-011,ep56,899,太后,服侍人的功夫见长，难怪去了甘露寺那么久，还叫皇帝念念不忘，倒真学会了狐媚惑主那一套。,0,0.6598289004815718,42,0,0,1,0,0,2,4,0,0,0,0,0,0,0,1
ep63-996-102,ep63,996,莫言,没死在静白手里，她也倒还不算狠毒。凌云峰那种地方偏僻难行，常有狸猫出没伤人，熹贵妃若真与温太医有私，大可一走了之，何必守在那里吃苦？,0,0.6597169977812706,66,0,0,1,0,0,1,7,1,0,0,0,0,0,0,1
ep56-891-017,ep56,891,皇帝,日后总有去的时候，何必急于一时呢？先让熹妃安顿下来再说不迟。朕陪你回永寿宫。,1,0.6588070231571065,38,0,0,1,2,0,1,4,1,0,1,0,0,0,0,0
ep56-898-009,ep56,898,敬妃,傻孩子，什么额不额娘的，这个熹妃娘娘才是你的亲额娘呢。,0,0.6586553391330682,27,0,0,1,1,0,1,3,0,0,0,0,0,0,0,1
ep63-996-000,ep63,996,静白,贫尼甘露寺静白，见过皇上、皇后娘娘。熹贵妃安好，许久不见，不知熹贵妃还记得故人吗？,0,0.6566233590566739,41,0,0,1,0,0,0,6,1,0,0,0,0,0,0,1
ep63-996-099,ep63,996,莫言,贵妃在甘露寺要砍柴、洗衣、做种种粗活，寒冬腊月手还浸在河水之中，怎能不生冻疮？她若不做，静白便动辄打骂。贵妃时常病痛，还在下雪之际被静白诬陷偷了燕窝，赶去了凌云峰，几次差点活不下来。,0,0.655389156519584,91,0,0,1,0,0,2,11,1,0,0,0,0,0,0,1
ep56-895-010,ep56,895,澜依,太医说嫔妾病着，需拿合欢花入药，所以就来收了些，左不过这落花白白入泥也是可惜了。,0,0.6538518972534882,40,0,0,1,0,0,2,4,0,0,0,0,0,0,0,1
ep63-996-074,ep63,996,苏培盛,皇上，这不可能的，奴才没有生育的能力，温太医与槿汐怎么可能是奴才的孩子？,0,0.6465637831405363,36,0,0,1,0,0,0,4,1,0,0,0,0,0,0,1
ep56-898-033,ep56,898,甄嬛,不哭。我现下怀有身孕，实在没工夫照顾胧月，所以在我生产之前还得把胧月托付给姐姐照料，不知姐姐肯不肯费这个心？,0,0.6461454037775528,54,0,0,1,2,0,0,5,1,0,0,1,0,0,0,0
ep63-996-081,ep63,996,敬妃,皇上，俗话说得好，“不入虎穴，为得虎子”，这一招虽险，胜算却大，一旦得逞，所有人都会认定六阿哥是温太医的儿子，还有谁会再验呢？,0,0.6457195382024392,63,0,0,1,0,0,1,9,1,0,0,0,0,0,0,1
ep56-892-007,ep56,892,甄嬛,皇上，永寿宫如此奢华，臣妾不敢擅居，还请皇上让臣妾别殿而居吧。,0,0.6442630262179033,31,0,0,1,2,0,1,4,0,0,0,1,0,0,0,0
ep76-1177-002,ep76,1177,澜依,他们是十七爷的孩子，是十七爷的……不行，皇上对弘曕和灵犀这样做定是起了疑心了，你要早做准备。,0,0.6437104517031214,46,0,0,1,1,0,2,4,0,0,0,0,0,0,0,1
ep56-896-007,ep56,896,眉庄,你若是喜欢，我便天天做了给你送来。嬛儿，真是想不到咱们还能有再见面一起说话的日子。,0,0.641945329056562,41,0,0,1,3,0,1,4,0,0,0,0,0,0,0,1
ep56-896-012,ep56,896,甄嬛,不管为了什么，咱们姐妹能在一起就好了，幸好父亲已经被接回京城医治，我也可以稍稍安心一点。,0,0.6418981255584955,44,0,0,1,1,0,2,4,0,0,0,1,0,0,0,0
ep56-900-010,ep56,900,轿夫,这石子路本来是很好的，今天不知道怎么冒出几块鹅卵石，这奴才才滑了脚啊。,0,0.6412307857829084,35,0,0,1,0,0,2,3,0,0,0,0,0,0,0,1
ep56-899-027,ep56,899,太后,数你嘴甜。赐座吧。不要怪哀家苛责，皇帝是哀家亲生的，哀家也怕再招进一个狐媚的，如今你已在妃位，这样穿着太简朴了些。,0,0.6411410483449923,57,0,0,1,2,0,2,7,0,0,0,0,0,0,0,1
ep63-996-018,ep63,996,槿汐,贵人，甘露寺乃大清圣寺，贵人如此血口喷人、胡言乱语，就不怕菩萨责罚吗？,0,0.6410029242454486,35,0,0,1,0,0,0,5,1,0,0,0,0,0,0,1
ep63-996-021,ep63,996,敬妃,皇上，祺贵人和熹贵妃素来积怨甚深，只是找人串供闹些文章罢了，温太医去熹贵妃殿里去得勤一些，那是尽他医家的本分，如若这样都被人说闲话，那我们这些都让温太医医治过的嫔妃岂不都要人人自危了？,0,0.6401398270475389,92,0,0,1,1,0,2,7,1,0,0,0,0,0,0,1
ep56-899-026,ep56,899,眉庄,太后，熹妃跪着，就是她肚子里太后的孙儿跪着，一家子都向太后请安行礼，难道臣妾还要去拦吗？,0,0.6399132045870496,44,0,0,1,1,0,0,5,1,0,0,0,0,0,0,1
ep56-894-012,ep56,894,甄嬛,皇后娘娘母仪天下，如这牡丹雍容华贵，不知娘娘为何出此伤感之语？,0,0.6381374585949938,31,0,0,1,0,0,0,3,1,0,0,1,0,0,0,0
ep76-1180-013,ep76,1180,允禧,先帝病重，四阿哥监国，恒亲王是否对先帝有不臣之心，才处处加以揣测？,0,0.6374219967121248,33,0,0,1,0,0,0,4,1,0,0,0,0,0,0,1
ep63-996-014,ep63,996,欣贵人,臣妾疑惑，祺贵人住在交芦馆，斐雯是永寿宫的宫女，既然人人皆知祺贵人向来不敬熹贵妃，为何永寿宫的宫女会和祺贵人一起来向皇后揭发此事呢？,0,0.6364413805934588,66,0,0,1,1,0,1,5,1,0,0,0,0,0,0,1
ep76-1185-003,ep76,1185,敬贵太妃,端姐姐又病了，自从皇上龙驭宾天之后，她日夜伤心，现在已经卧床不起了。,0,0.6356333047791233,34,0,0,1,0,0,2,4,0,0,0,0,0,0,0,1
ep63-996-092,ep63,996,斐雯,奴婢不敢撒谎，奴婢不敢撒谎，即便皇上不信奴婢说的话，也不能不信静白师父的呀，她在甘露寺可是亲眼看见温太医常去看望熹贵妃的呀。,0,0.632866216281717,62,0,0,1,3,0,2,5,0,0,0,0,0,0,0,1
ep76-1187-014,ep76,1187,甄嬛,你我母子之间不必说这些。皇帝朝务忙，早些回养心殿吧。,0,0.6314893380277105,26,0,0,1,2,0,1,3,0,0,0,1,0,0,0,0
ep56-896-004,ep56,896,甄嬛,我正想着你，你就来了。快去拿眉姐姐爱吃的枣泥山药糕来，茶要碧螺春，快去。,0,0.6283529792365969,36,0,0,1,3,0,1,5,0,0,0,1,0,0,0,0
ep56-897-005,ep56,897,敬妃,胧月，以前熹娘娘不在宫里啊。胧月，以后你要多去熹娘娘那里玩，熹娘娘可喜欢胧月了。,0,0.6226853798352296,40,0,0,1,1,0,2,5,0,0,0,0,0,0,0,1
ep63-996-054,ep63,996,文鸳,正是因为皇上对六阿哥寄予厚望，才不能不验，否则真有什么差池，皇上岂非所托非人，把万里江山都拱手他人了？,0,0.6189587564826298,51,0,0,1,0,0,1,5,1,0,0,0,0,0,0,1
ep56-896-011,ep56,896,眉庄,我明白，咱们这些人哪有为自己活着的？父母兄弟，亲族门楣，无一不是牵挂拖累。,0,0.6182614620138815,37,0,0,1,1,0,0,5,1,0,0,0,0,0,0,1
ep56-896-013,ep56,896,眉庄,皇后的头风只怕要发作得更厉害了。不过她也不是傻子，一句危月燕冲月就困住了你，你自己可要当心哪。,0,0.6179136712677258,47,0,0,1,2,0,2,4,0,0,0,0,0,0,0,1
ep63-996-085,ep63,996,甄嬛,皇上，若非臣妾及时发现，即便认定弘曕是皇上亲生，也会因冤被杀。臣妾一向敬您为皇后，处处礼敬有加，不知是哪里得罪了皇后，竟要遭此灭顶之灾？,0,0.6101782269386083,68,0,0,1,2,0,1,8,1,0,0,1,0,0,0,0
ep76-1179-013,ep76,1179,甄嬛,皇上怕烫？臣妾先喝一口尝尝。好苦，不过良药苦口，皇上放心饮下就是。,0,0.6101076291968233,33,0,0,1,1,0,0,5,1,0,0,1,0,0,0,0
ep56-899-015,ep56,899,太后,如此说来，甘露寺一事只是你与皇上偶遇，并非故意设计又重博圣宠吗？,0,0.6077493956995714,32,0,0,1,1,0,0,3,1,0,0,0,0,0,0,1
ep63-996-041,ep63,996,文鸳,皇上、皇后娘娘，为今之计唯有重刑拷打槿汐浣碧，（苏培盛不淡定了）再不然也只得委屈熹贵妃和温太医了，人是贱皮贱肉，不用刑如何肯招？若真能把慎刑司七十二道刑罚一一受遍还不改口，那就有几分可信了。,0,0.603983039864972,95,0,0,1,0,0,3,8,1,0,0,0,0,0,0,1
ep63-996-010,ep63,996,澜依,皇上，臣妾听得头疼，想回宫休息。（皇帝点头）师父在甘露寺修行？,0,0.601953806414539,31,0,0,1,1,0,0,4,1,0,0,0,0,0,0,1
ep76-1187-019,ep76,1187,甄嬛,他在时，弘曕不能叫一声阿玛，死后总得要有儿子陪在身边。槿汐，我累了，扶我去睡会儿吧。,0,0.6013401197326048,42,0,0,1,2,0,2,6,0,0,0,1,0,0,0,0
ep63-996-008,ep63,996,敬妃,看来斐雯的记性不大好啊，难为你了，还能记得温太医袖口上的花纹。,0,0.599555359788477,31,0,0,1,1,0,2,3,0,0,0,0,0,0,0,1
ep56-899-001,ep56,899,太后,你来得正好，除了你孙姑姑，也就你伺候得最叫哀家舒坦。,0,0.5977081957822298,26,0,0,1,3,0,1,3,0,0,0,0,0,0,0,1
ep76-1179-001,ep76,1179,澜依,好，皇上也该到了服用金丹的时候了，（喂丹丸）来，让臣妾伺候您服用。来，让臣妾扶着您。,0,0.5968669489485848,42,0,0,1,2,0,2,6,0,0,0,0,0,0,0,1
ep56-898-023,ep56,898,敬妃,是啊，你们姐妹俩一起去，互相也有个照应。那本宫就先回去了。,0,0.5905174499066301,29,0,0,1,1,0,2,4,0,0,0,0,0,0,0,1
ep56-898-029,ep56,898,敬妃,是胧月不懂事，妹妹也不要太伤心了，皇上虽然有意隐瞒，但皇上心里还是疼妹妹的。胧月，你看看你，你把你亲额娘都惹生气了，快点向你亲额娘认错，快。,0,0.5886818404983369,70,0,0,1,5,0,2,9,0,0,0,0,0,0,0,1
ep76-1179-024,ep76,1179,皇帝,朕这一生，要求的或许曾经得到，然而正如流沙逝于掌心，终于也都没有了。嬛嬛，你已经很久没有叫过朕四郎了，你再叫一次，好吗？,0,0.586826617207675,60,0,0,1,4,0,2,8,1,0,1,0,0,0,0,0
ep63-996-010,ep63,996,甄嬛,正殿紫檀桌上从未放过什么琉璃花樽，你伺候本宫，不把心思放在正经事上，倒日日留心哪位太医的手搭了本宫的手，翻出来的袖口上绣了什么花样，这些情景若是放了旁人，是看都不敢看，为何你连枝叶末节都这般留意？如此居心实在可疑。,0,0.584361927125007,107,0,0,1,2,0,3,9,1,0,0,1,0,0,0,0
ep63-996-012,ep63,996,澜依,修行之人清静，从甘露寺进宫一趟不易，我正有一事想麻烦师父，我想在甘露寺供奉一盏还愿的海灯，不知供奉几斤为好啊？,0,0.5720065432702125,55,0,0,1,2,0,1,5,1,0,0,0,0,0,0,1
ep56-896-005,ep56,896,眉庄,你惦记着我爱吃枣泥山药糕，我可是记着你有了身孕不爱吃太腻的，特地做了口味清甜的藕粉桂花糖糕来，快尝尝。,0,0.5709219527956612,51,0,0,1,4,0,2,4,0,0,0,0,0,0,0,1
ep56-895-013,ep56,895,浣碧,她怎么这样无礼？不过是仗着皇上喜欢她罢了，怪不得别人都说她孤僻桀骜。,0,0.569965655628017,34,0,0,1,0,0,1,3,1,0,0,0,0,0,0,1
ep63-996-096,ep63,996,玉娆,皇上已经废了我姐姐一次，还想再废第二次吗？甘露寺的姑子不止静白一个，皇上也该听听别人的。,0,0.5693616929477675,44,0,0,1,1,0,1,4,1,0,0,0,0,0,0,1
ep56-899-006,ep56,899,眉庄,臣妾就说太后越活越年轻，太后还不信，非说臣妾哄您，如今这怕苦不肯吃药，又闹小孩子的脾气，可不是越活越年轻了？,0,0.566059921035529,54,0,0,1,2,0,1,6,1,0,0,0,0,0,0,1
ep56-899-019,ep56,899,太后,当日你执意离宫修行，连刚生的女儿都可以撇下，如今怎么又肯跟皇帝重修旧好，还有了孩子？,0,0.5628482491913334,42,0,0,1,1,0,1,4,1,0,0,0,0,0,0,1
ep63-1002-000,ep63,1002,眉庄,景仁宫到现在都没有消息，温大人也还没有回来，采月，你快出去打听打听，看是怎么回事啊？,0,0.5601422688860306,42,0,0,1,1,0,1,5,1,0,0,0,0,0,0,1
ep56-896-029,ep56,896,甄嬛,我只是想着什么人穿什么样的衣服合适，这颜色适合她，我才让小允子给送过去，你和她刚见过一面，怎么就弄得跟冤家似的呢？,1,0.552585517446211,57,0,0,1,3,0,1,5,1,0,0,1,0,0,0,0
ep56-896-010,ep56,896,甄嬛,你若不告诉我，难道我要眼睁睁地看着自己的父亲病死在宁古塔吗？,0,0.5480598702798948,30,0,0,1,3,0,0,2,1,0,0,1,0,0,0,0
ep76-1185-012,ep76,1185,敬贵太妃,也没必要太在意某个人、某件事，倒是咱们的皇上这后宫里就一个皇后、两个妃子，也该招一些妃嫔进宫了吧？,0,0.5378979339524663,49,0,0,1,0,0,2,5,1,0,0,0,0,0,0,1
ep56-891-015,ep56,891,敬妃,熹妃今日气色不是上佳，兴许是舟车劳顿，有孕在身的人不宜在风口中久站，还是早点回去休息吧。惠嫔欢喜得很呢。皇上为了迎接妹妹，特地找人重修了永寿宫呢。,1,0.5300623476341217,73,0,0,1,0,0,5,7,0,0,0,0,0,0,0,1
ep56-899-031,ep56,899,太后,既已回宫，以后就当没有甘露寺这回事，这话哀家会盼咐旁人，你自己也要记得。有甘露寺这三个字在，你以后的日子也不会好过。有四个月了吧？,0,0.5234628311742313,65,0,0,1,2,0,2,7,1,0,0,0,0,0,0,1
ep63-996-002,ep63,996,甄嬛,你对皇上尽忠也算得罪本宫的话，岂非要置本宫于不忠不义之地了？容臣妾问她几句话。斐雯，无论今日之事结局如何，你都不能再回永寿宫再伺候本宫了。,0,0.5131240976889838,69,0,0,1,3,0,2,6,1,0,0,1,0,0,0,0
ep63-996-004,ep63,996,甄嬛,很好，好歹主仆一场，今日你既来揭发本宫的私隐，想必也是知道是最后一遭伺候本宫了，自己分内之事也该做好，我问你，你出来前，可把正殿紫檀桌上的琉璃花樽给擦拭干净了？,0,0.5130753749137444,80,0,0,1,4,0,2,8,1,0,0,1,0,0,0,0
ep56-898-000,ep56,898,甄嬛,姐姐的绣功是越发好了，我的孩子要赖着姐姐做姨娘，你还不多做几件肚兜？,0,0.5130499502439155,34,0,0,1,2,0,1,3,1,0,0,1,0,0,0,0
ep56-899-037,ep56,899,太后,那就好。你与熹妃情同姐妹，如今熹妃已经有了第二个孩子，你还不加紧些吗？哀家一向看重你，可你却不肯把心思放在皇帝身上，皇帝身边连个规劝的人都没有，哀家怎么能放心呢？,0,0.511734785156327,81,0,0,1,4,0,2,8,1,0,0,0,0,0,0,1
ep63-996-119,ep63,996,皇帝,绘春做事如此不当心，打发她去慎刑司。,0,0.5095588993472153,18,0,1,0,0,0,0,2,0,0,1,0,0,0,0,0
ep63-996-036,ep63,996,斐雯,奴婢也正奇怪呢，娘娘生产那日，温太医趁娘娘还没有疼晕过去，就问什么保大还是保小的问题，奴婢正纳闷呢，这事本该皇上和太后过问，怎么倒问起娘娘来了？奴婢还听见什么数十年的情分、死心不死心的话。,0,0.5064132021323656,94,0,0,1,3,0,3,9,1,0,0,0,0,0,0,1
ep56-898-025,ep56,898,敬妃,月儿乖，月儿从今以后就要住在永寿宫了，你要好好地陪陪你亲额娘可好？,0,0.5050819004467128,33,0,0,1,2,0,1,3,1,0,0,0,0,0,0,1
ep56-892-032,ep56,892,甄嬛,永寿宫即便大修，也不至于奢靡至此，你没听方才说“皇后着意添了许多”吗？我正想着她如何这般好心，原来是一边哄着皇上高兴博了贤良的名儿，一边只叫外头的人以为我狐媚惑主才引得皇上这般，更落实了我祸水之名。,0,0.5021228384108469,99,0,0,1,4,0,3,7,1,0,0,1,0,0,0,0
ep56-895-007,ep56,895,甄嬛,听闻妹妹今日身子不适，怎么不在宫里好好歇息？等下日头毒了越发要难受了。,0,0.5017160174283487,35,0,0,1,0,0,2,3,1,0,0,1,0,0,0,0
ep56-892-012,ep56,892,皇帝,不错，这就是鹅梨帐中香的味道。,0,0.499615929781158,15,0,1,0,0,0,0,2,0,0,1,0,0,0,0,0
ep63-996-057,ep63,996,皇帝,苏培盛，去把六阿哥抱来。,0,0.489673263967578,12,0,1,0,0,0,0,2,0,0,1,0,0,0,0,0
ep63-996-065,ep63,996,皇帝,温实初。（温实初刺血）,0,0.4891063566171318,11,0,1,0,0,0,0,1,0,0,1,0,0,0,0,0
ep56-898-001,ep56,898,眉庄,这些年给胧月做得还少吗？差不多都是我和敬妃亲自动手，你说你要是生上一辈子的孩子，那我岂不是要给你做一辈子的衣裳了？你这算盘也打得真好。,0,0.4882274038979627,67,0,0,1,6,0,1,5,1,0,0,0,0,0,0,1
ep56-898-030,ep56,898,胧月,熹娘娘不要生气了，月儿已经向熹娘娘认错了，熹娘娘可不要生气了吧。,0,0.48187619140545046,32,0,0,1,0,0,4,3,0,0,0,0,0,0,0,1
ep63-996-064,ep63,996,皇帝,你先坐。苏培盛。（苏培盛刺弘曕血）,0,0.4752501115049502,17,0,1,0,1,0,0,2,0,0,1,0,0,0,0,0
ep56-898-035,ep56,898,眉庄,嬛儿说的是呢，现下正怀着身孕，太医又说胎像不稳，不能碰着也不能磕着，胧月还这么小，万一磕着碰着了可怎么好呢？,0,0.47513472495028625,54,0,0,1,0,0,3,6,1,0,0,0,0,0,0,1
ep56-896-028,ep56,896,浣碧,小主忘了她先前的样子了吗？送给她这么好的料子做什么？,0,0.4700110796639425,26,0,0,1,0,0,2,2,1,0,0,0,0,0,0,1
ep63-996-115,ep63,996,文鸳,与我的家人都不相干，我的门第、样貌哪一点比不上你？何以要皇上面前都让你占尽了风头？所以全是我自己的主意。,0,0.46955774023902896,52,0,0,1,5,0,1,5,1,0,0,0,0,0,0,1
ep56-898-026,ep56,898,胧月,我不，我不，熹娘娘一回来，额娘就不要我了，为什么要叫熹娘娘回来？,0,0.46531259123391644,32,0,0,1,3,0,1,5,1,0,0,0,0,0,0,1
ep63-996-059,ep63,996,皇帝,你去准备滴血验亲的东西。,0,0.4614803366965941,12,0,1,0,1,0,0,1,0,0,1,0,0,0,0,0
ep56-898-031,ep56,898,甄嬛,不哭了，不哭了。原是我不好，这样突然就让她叫我额娘，殊不知自她出生三日后我们便再没有见过面了，在孩子心里已经把姐姐当作她亲额娘了，为了胧月这句额娘，我不知道要如何感激姐姐才好。,0,0.4577668322975743,88,0,0,1,4,0,5,8,0,0,0,1,0,0,0,0
ep63-996-055,ep63,996,皇帝,嬛嬛，只要一试，朕便可还你和孩子一个清白。,0,0.4548490105847547,21,0,1,0,2,0,0,3,0,0,1,0,0,0,0,0
ep56-898-007,ep56,898,敬妃,妹妹，你我同在妃位，岂能行如此大礼？快快起来。这些年要没胧月在我身边欢欢笑笑的，我这日子还不知道怎么过呢？以前看见曹贵人和齐妃都有孩子，后来连端妃都有温宜公主在膝前了，我真是羡慕得很呢。（泪）,0,0.45116815687390593,96,0,0,1,5,0,3,9,1,0,0,0,0,0,0,1
ep63-996-118,ep63,996,绘春,皇上，奴婢不是有心的，娘娘去备水时奴婢接了一把，奴婢忘了自己刚才在后院淘澄过白矾，不小心手指沾到了水，奴婢是无心之失啊皇上。,0,0.44918108852226524,62,0,0,1,4,0,4,6,0,0,0,0,0,0,0,1
ep56-898-034,ep56,898,敬妃,妹妹既然这么信任我，我岂有不肯的道理？别说照顾胧月几个月，就是一辈子我也愿意啊，妹妹还是安心养胎吧。,0,0.4484231304505648,50,0,0,1,3,0,2,5,1,0,0,0,0,0,0,1
ep56-891-008,ep56,891,皇帝,这一路奔波劳苦，朕该好好谢谢你才是。,0,0.4477208658854851,18,0,1,0,2,0,0,2,0,0,1,0,0,0,0,0
ep56-898-014,ep56,898,眉庄,月儿乖，来，到惠娘娘这儿来好不好？来。月儿乖，惠娘娘跟你说，敬妃不是不要你了，而是多一个人来疼胧月呢，你说好不好？你瞧熹娘娘她多疼爱你，是不是？,0,0.442896636780659,72,0,0,1,5,0,2,11,1,0,0,0,0,0,0,1
ep63-996-114,ep63,996,甄嬛,是吗？从瓜尔佳氏一族崛起那一日起，你阿玛妒忌我父亲，你恨毒了我。,0,0.441908492758875,32,0,0,1,4,0,1,4,1,0,0,1,0,0,0,0
ep56-899-025,ep56,899,太后,一向总说你体贴，你怎么看着熹妃这样跪着，也不提醒哀家叫她起来？哀家是病糊涂了，你也病糊涂了吗？,0,0.43860624261267817,47,0,0,1,3,0,2,5,1,0,0,0,0,0,0,1
ep63-996-077,ep63,996,皇帝,刚才为了公允起见，是皇后亲自准备的水。,0,0.4365363472222532,19,0,1,0,0,0,1,2,0,0,1,0,0,0,0,0
ep76-1177-004,ep76,1177,澜依,光留不得夏刈有什么用啊？从现在开始，我做任何事都和你无关，你都不用管，好好看住你和十七爷的孩子。熹贵妃啊，你的福气在后头。（出）,0,0.42763071819324083,64,0,0,1,5,0,2,7,1,0,0,0,0,0,0,1
ep76-1179-026,ep76,1179,皇帝,你再叫一次朕四郎，就像你刚入宫的时候一样。,0,0.4269835276525152,21,0,1,0,3,0,0,2,0,0,1,0,0,0,0,0
ep63-996-027,ep63,996,皇帝,好，朕就听你一言，如有虚言，朕决不轻饶。,0,0.41838460868406124,20,0,1,0,3,0,0,4,0,0,1,0,0,0,0,0
ep63-996-117,ep63,996,皇帝,朕倒真希望你姐姐没有你这么个妹妹，朕要知道那水——,0,0.4123629976239361,25,0,1,0,4,0,0,1,0,0,1,0,0,0,0,0
ep76-1179-034,ep76,1179,皇帝,来人……来人……,0,0.40745118273087894,8,1,0,0,0,0,0,0,0,0,1,0,0,0,0,0
ep76-1179-014,ep76,1179,皇帝,药既苦，就先搁着。,0,0.4053472109488898,9,1,0,0,0,0,0,2,0,0,1,0,0,0,0,0
ep63-996-062,ep63,996,皇帝,刺一滴血。,0,0.3952542565477734,5,1,0,0,0,0,0,1,0,0,1,0,0,0,0,0
ep56-895-000,ep56,895,槿汐,娘娘若是喜欢这合欢花，不妨多摘一些回去纳入香囊里。,0,0.38905222019554864,25,0,1,0,0,0,0,2,0,0,0,0,0,0,0,1
ep76-1179-007,ep76,1179,皇帝,夏刈。,0,0.38893370339968114,3,1,0,0,0,0,0,1,0,0,1,0,0,0,0,0
ep63-996-087,ep63,996,皇帝,再验。,0,0.38893370339968114,3,1,0,0,0,0,0,1,0,0,1,0,0,0,0,0
ep76-1187-002,ep76,1187,甄嬛,元澈养在慎郡王府多年，不如就继嗣慎郡王府也好。,0,0.3871777366469054,23,0,1,0,0,0,0,2,0,0,0,1,0,0,0,0
ep56-894-004,ep56,894,甄嬛,本该昨日一回宫就来的，因而今日特来向娘娘请罪。,0,0.3871777366469054,23,0,1,0,0,0,0,2,0,0,0,1,0,0,0,0
ep76-1179-018,ep76,1179,皇帝,朕一向喜欢你坦诚，朕想问你一件事。,0,0.38431655866542924,17,0,1,0,4,0,0,2,0,0,1,0,0,0,0,0
ep56-894-000,ep56,894,甄嬛,给皇后娘娘请安，恭祝娘娘凤体康健、千岁金安。,0,0.3814401175091957,22,0,1,0,0,0,0,3,0,0,0,1,0,0,0,0
ep56-896-033,ep56,896,甄嬛,论起来总是皇上喜欢的人，有些场面不得不过。,0,0.38090498803864903,21,0,1,0,0,0,0,2,0,0,0,1,0,0,0,0
ep56-895-004,ep56,895,澜依,嫔妾是贵人叶氏，因这两日抱病，未曾与娘娘相见。,0,0.3801749313120461,23,0,1,0,0,0,0,3,0,0,0,0,0,0,0,1
ep76-1180-002,ep76,1180,允禧,先帝在时熹贵妃掌六宫大权，位同副后，自然可说。,0,0.3801749313120461,23,0,1,0,0,0,0,3,0,0,0,0,0,0,0,1
ep56-892-003,ep56,892,苏培盛,这些年论谁再得宠，皇上也没再赐过椒房恩典哪。,0,0.37964048741907414,22,0,1,0,0,0,0,2,0,0,0,0,0,0,0,1
ep56-896-023,ep56,896,梁多瑞,皇上说新贡来的蜀锦和苏缎请熹妃娘娘您先挑。,0,0.37910633531012916,21,0,1,0,0,0,0,1,0,0,0,0,0,0,0,1
ep56-898-036,ep56,898,敬妃,是啊，既然如此，那我还是先带胧月回咸福宫了，时辰也不早了，你们两个人还是赶快给皇太后去请安吧，我们先走了。,0,0.3761368621619331,53,0,0,1,3,0,5,6,0,0,0,0,0,0,0,1
ep56-893-004,ep56,893,温实初,倒不是相克，只是两物相遇会使身热情动。,0,0.37031843055075203,19,0,1,0,0,0,0,2,0,0,0,0,0,0,0,1
ep76-1184-001,ep76,1184,甄嬛,景仁宫一切如旧，似乎还是昔年景象。,0,0.3684797689941605,17,0,1,0,0,0,0,2,0,0,0,1,0,0,0,0
ep76-1183-003,ep76,1183,甄嬛,今日普天同庆，哀家也该去问候故人。,0,0.3684797689941605,17,0,1,0,0,0,0,2,0,0,0,1,0,0,0,0
ep56-891-012,ep56,891,贞嫔,是不是又怎样，皇上说她是谁，她就是谁。,0,0.36775938035919475,19,0,1,0,0,0,0,3,0,0,0,0,0,0,0,1
ep76-1187-015,ep76,1187,弘历,那儿子先行告退，改日再来请安。（出）,0,0.3672320492047942,18,0,1,0,0,0,0,2,0,0,0,0,0,0,0,1
ep56-895-011,ep56,895,甄嬛,妹妹怜香惜玉之情，本宫自愧不如。,0,0.3653998192958861,16,0,1,0,0,0,0,2,0,0,0,1,0,0,0,0
ep76-1179-021,ep76,1179,甄嬛,当然，天下万民都是皇上您的子民。,0,0.3653998192958861,16,0,1,0,0,0,0,2,0,0,0,1,0,0,0,0
ep63-996-071,ep63,996,敬妃,皇上，皇上——（被皇帝甩手推倒）,0,0.3636313785299297,16,0,1,0,0,0,0,1,0,0,0,0,0,0,0,1
ep56-896-014,ep56,896,甄嬛,我知道。不过话说回来，钦天监里总得要有自己人才好。,0,0.36176181086739734,25,0,1,0,1,0,0,3,0,0,0,1,0,0,0,0
ep76-1179-027,ep76,1179,甄嬛,刚入宫的甄嬛已经死了，皇上你忘了？是您亲手杀了她，臣妾是钮祜禄甄嬛。,0,0.3607203212783244,34,0,0,1,2,0,3,4,1,0,0,1,0,0,0,0
ep56-896-030,ep56,896,浣碧,奴婢就是看不惯她桀骜不驯的样子，把自己当什么人哪。,0,0.3600009888730303,25,0,1,0,1,0,0,2,0,0,0,0,0,0,0,1
ep63-996-108,ep63,996,欣贵人,总以为安嫔温柔敦厚，没想到你也有这辣手无情的时候。,0,0.3600009888730303,25,0,1,0,1,0,0,2,0,0,0,0,0,0,0,1
ep63-996-076,ep63,996,甄嬛,皇上，此人居心之毒可以想见。,0,0.35927305009094357,14,0,1,0,0,0,0,2,0,0,0,1,0,0,0,0
ep56-891-014,ep56,891,甄嬛,多年不见妹妹，妹妹一切如旧。,0,0.35927305009094357,14,0,1,0,0,0,0,2,0,0,0,1,0,0,0,0
ep76-1184-023,ep76,1184,甄嬛,先帝恨毒了你，你害死了他毕生最爱，害死了他那么多孩子，他肯保全你皇后的名位已属勉强，怎愿再见你歹毒的面目？,0,0.3590625830486063,53,0,0,1,4,0,3,5,1,0,0,1,0,0,0,0
ep63-996-105,ep63,996,静白,贫尼并无苛待娘娘，请皇上明鉴。,0,0.358038830769628,15,0,1,0,0,0,0,2,0,0,0,0,0,0,0,1
ep76-1187-018,ep76,1187,槿汐,对六贝勒而言，这也是个好去处。,0,0.358038830769628,15,0,1,0,0,0,0,2,0,0,0,0,0,0,0,1
ep76-1180-000,ep76,1180,允禧,国不可一日无君，请熹贵妃上位。,0,0.358038830769628,15,0,1,0,0,0,0,2,0,0,0,0,0,0,0,1
ep56-897-006,ep56,897,胧月,熹娘娘生得漂亮，胧月也喜欢，可是我还是最喜欢额娘。,0,0.35747276038885367,25,0,1,0,1,0,0,3,0,0,0,0,0,0,0,1
ep63-1002-005,ep63,1002,眉庄,都什么时候了还说这个，我自己当心就成了嘛，皇上要听了那些小人的话，信了嬛儿和实初有奸情，我才真的要动了胎气了，快去，快去。,0,0.3558171319624786,61,0,0,1,2,0,6,7,0,0,0,0,0,0,0,1
ep76-1186-011,ep76,1186,太监,启禀太后，皇上在寿康宫等您。,0,0.3549970942978266,14,0,1,0,0,0,0,2,0,0,0,0,0,0,0,1
ep56-892-033,ep56,892,槿汐,事已至此，还是思量以后要紧。,0,0.3549970942978266,14,0,1,0,0,0,0,2,0,0,0,0,0,0,0,1
ep76-1186-009,ep76,1186,弘曕,儿子一定不辜负皇额娘期望。,0,0.3544778028437144,13,0,1,0,0,0,0,1,0,0,0,0,0,0,0,1
ep56-892-011,ep56,892,甄嬛,此香的香气竟这般香甜。,0,0.3526737407946192,11,0,1,0,0,0,0,1,0,0,0,1,0,0,0,0
ep56-891-005,ep56,891,甄嬛,多谢皇后娘娘关怀备至。,0,0.3526737407946192,11,0,1,0,0,0,0,1,0,0,0,1,0,0,0,0
ep56-898-028,ep56,898,甄嬛,我本是废妃之身，皇上不告诉公主也是应该的。,0,0.35211150026027715,21,0,1,0,1,0,0,2,0,0,0,1,0,0,0,0
ep63-1002-003,ep63,1002,眉庄,准备好轿辇，立刻去景仁宫。,0,0.35196703112207783,13,0,1,0,0,0,0,2,0,0,0,0,0,0,0,1
ep56-896-021,ep56,896,梁多瑞,给熹妃娘娘、惠嫔娘娘请安。,0,0.35196703112207783,13,0,1,0,0,0,0,2,0,0,0,0,0,0,0,1
ep63-996-093,ep63,996,静白,阿弥陀佛，出家人不打诳语。,0,0.35196703112207783,13,0,1,0,0,0,0,2,0,0,0,0,0,0,0,1
ep56-891-001,ep56,891,甄嬛,臣妾归来，恭祝皇上、皇后圣体康健、福泽万年。,0,0.35012443887819106,22,0,1,0,1,0,0,4,0,0,0,1,0,0,0,0
ep63-996-079,ep63,996,皇帝,朕记得你颇通医术。,0,0.3496979048918392,9,1,0,0,2,0,0,1,0,0,1,0,0,0,0,0
ep76-1185-010,ep76,1185,欣太嫔,这大好的日子，真是晦气。,0,0.3489488389633773,12,0,1,0,0,0,0,2,0,0,0,0,0,0,0,1
ep63-996-101,ep63,996,欣贵人,还是出家人，竟如此狠毒。,0,0.3489488389633773,12,0,1,0,0,0,0,2,0,0,0,0,0,0,0,1
ep56-898-008,ep56,898,胧月,额娘擦擦，胧月乖乖听话。,0,0.3489488389633773,12,0,1,0,0,0,0,2,0,0,0,0,0,0,0,1
ep56-899-002,ep56,899,甄嬛,臣妾拜见太后，愿太后凤体康健、福泽万年。,0,0.3465996275781852,20,0,1,0,1,0,0,3,0,0,0,1,0,0,0,0
ep63-996-001,ep63,996,甄嬛,槿汐，你带玢儿、莫言回去。静白、斐雯，杖毙。,0,0.34513970208373057,22,0,1,0,1,0,0,6,0,0,0,1,0,0,0,0
ep76-1179-010,ep76,1179,甄嬛,皇上一向教导臣妾，无用的人不必留着。,0,0.3430915677051878,18,0,1,0,1,0,0,2,0,0,0,1,0,0,0,0
ep56-899-034,ep56,899,甄嬛,臣妾谨遵太后教诲，必不忘妾妃之德。,0,0.3401095399721877,17,0,1,0,1,0,0,2,0,0,0,1,0,0,0,0
ep56-900-000,ep56,900,甄嬛,胧月这孩子竟这样疏远我，真是伤心。,0,0.3401095399721877,17,0,1,0,1,0,0,2,0,0,0,1,0,0,0,0
ep63-996-098,ep63,996,皇帝,怎么，你也知道熹贵妃手上冻疮的事吗？,0,0.33664257092803285,18,0,1,0,1,0,0,2,1,0,1,0,0,0,0,0
ep63-996-025,ep63,996,文鸳,臣妾以性命担保，所说的句句是实情。,0,0.33594207775951,17,0,1,0,1,0,0,2,0,0,0,0,0,0,0,1
ep56-899-004,ep56,899,甄嬛,永寿宫太过奢华，臣妾很是不安。,0,0.3341835138782788,15,0,1,0,1,0,0,2,0,0,0,1,0,0,0,0
ep63-996-000,ep63,996,甄嬛,斐雯，你在宫里这些日子，本宫倒没瞧出你有这份心胸。,0,0.33363555799674866,25,0,1,0,2,0,0,3,0,0,0,1,0,0,0,0
ep56-899-030,ep56,899,甄嬛,臣妾在甘露寺时，幸亏有太后百般照拂，臣妾没齿难忘。,0,0.33363555799674866,25,0,1,0,2,0,0,3,0,0,0,1,0,0,0,0
ep63-996-024,ep63,996,文鸳,臣妾要告发熹贵妃私通秽乱后宫。,0,0.3324869970037409,15,0,1,0,1,0,0,1,0,0,0,0,0,0,0,1
ep56-893-014,ep56,893,弘历,儿子知道宫里面只有额娘最疼我。,0,0.3324869970037409,15,0,1,0,1,0,0,1,0,0,0,0,0,0,0,1
ep56-899-028,ep56,899,甄嬛,臣妾修行已久，不喜太过奢华。,0,0.3312398706079774,14,0,1,0,1,0,0,2,0,0,0,1,0,0,0,0
ep56-897-001,ep56,897,敬妃,胧月，额娘带你去给熹娘娘请安。,0,0.330052346548888,15,0,1,0,1,0,0,2,0,0,0,0,0,0,0,1
ep56-898-011,ep56,898,眉庄,好孩子，快点叫你额娘亲一亲哪。,0,0.330052346548888,15,0,1,0,1,0,0,2,0,0,0,0,0,0,0,1
ep76-1179-000,ep76,1179,皇帝,渴了，喝点水。,0,0.3281682157400055,7,1,0,0,0,0,1,2,0,0,1,0,0,0,0,0
ep63-996-021,ep63,996,皇帝,后宫无一日安宁的，朕何从万安？,0,0.32781840027209513,15,0,1,0,1,0,0,2,1,0,1,0,0,0,0,0
ep76-1187-012,ep76,1187,甄嬛,他是你亲弟弟，皇额娘已经年老，自然要你多照顾。,0,0.32776630529500167,23,0,1,0,2,0,0,3,0,0,0,1,0,0,0,0
ep76-1178-003,ep76,1178,夏刈,胡说，皇上要我查六阿哥——,0,0.32662804566762993,13,0,1,0,1,0,0,1,0,0,0,0,0,0,0,1
ep76-1177-005,ep76,1177,甄嬛,小允子，你过来。（耳语）,1,0.32539218282652954,12,0,1,0,1,0,0,2,0,0,0,1,0,0,0,0
ep56-892-004,ep56,892,甄嬛,皇上厚爱，臣妾不敢承受。,0,0.32539218282652954,12,0,1,0,1,0,0,2,0,0,0,1,0,0,0,0
ep56-892-019,ep56,892,皇帝,都起来吧。,0,0.3247539870066022,5,1,0,0,0,0,1,1,0,0,1,0,0,0,0,0
ep63-996-009,ep63,996,斐雯,奴婢记得，是青玉花樽，没错。,0,0.32471271875832275,14,0,1,0,1,0,0,3,0,0,0,0,0,0,0,1
ep76-1186-000,ep76,1186,甄嬛,一转眼秋天了，春禧殿里挪回来的合欢还是郁郁葱葱的。,0,0.3231345539094508,25,0,1,0,0,0,1,2,0,0,0,1,0,0,0,0
ep56-892-034,ep56,892,甄嬛,槿汐，你去请温实初来。,0,0.3224884704922295,11,0,1,0,1,0,0,2,0,0,0,1,0,0,0,0
ep76-1179-020,ep76,1179,皇帝,弘曕到底是不是朕的儿子？,0,0.3215069473178446,12,0,1,0,1,0,0,1,1,0,1,0,0,0,0,0
ep63-996-048,ep63,996,皇帝,那你说怎么样才叫仔细？,0,0.31862153054418274,11,0,1,0,1,0,0,1,1,0,1,0,0,0,0,0
ep56-899-018,ep56,899,甄嬛,是臣妾未及时向太后真明情由，臣妾有罪。,0,0.31857020441810346,19,0,1,0,2,0,0,2,0,0,0,1,0,0,0,0
ep63-996-086,ep63,996,苏培盛,皇上，奴才去换了一碗干净的水，这碗水绝对没有问题。,0,0.31669148503561706,25,0,1,0,0,0,1,3,0,0,0,0,0,0,0,1
ep76-1184-010,ep76,1184,甄嬛,劳您牵挂多年，怕您忘了哀家的样子，所以不敢变。,0,0.3149858932237658,23,0,1,0,0,0,1,3,0,0,0,1,0,0,0,0
ep56-899-029,ep56,899,太后,你能这样懂事，也不枉哀家这些年疼你。,0,0.3116892487385151,18,0,1,0,2,0,0,2,0,0,0,0,0,0,0,1
ep63-996-004,ep63,996,文鸳,静白师父有什么话赶紧回了，也不耽误师父清修。,0,0.3104953020668339,22,0,1,0,0,0,1,2,0,0,0,0,0,0,0,1
ep63-996-022,ep63,996,皇帝,罢了，朕相信熹贵妃。,0,0.30986146090431393,10,1,0,0,1,0,1,2,0,0,1,0,0,0,0,0
ep63-996-002,ep63,996,静白,熹贵妃赏的一顿板子，倒是教会了贫尼说实话。,0,0.30766389836382063,21,0,1,0,0,0,1,2,0,0,0,0,0,0,0,1
ep56-899-036,ep56,899,甄嬛,皇后待臣妾很好，臣妾感激不已。,0,0.3071694841963663,15,0,1,0,2,0,0,2,0,0,0,1,0,0,0,0
ep63-996-103,ep63,996,皇帝,嬛嬛，委屈你了。,0,0.3042195007094564,8,1,0,0,1,0,1,2,0,0,1,0,0,0,0,0
ep76-1179-011,ep76,1179,皇帝,你果然知道了。,0,0.30373950871063704,7,1,0,0,1,0,1,1,0,0,1,0,0,0,0,0
ep56-896-016,ep56,896,甄嬛,那个正使居其位、无其言，也早该歇歇了。,0,0.3036562850563878,19,0,1,0,0,0,1,3,0,0,0,1,0,0,0,0
ep56-896-018,ep56,896,浣碧,小主，内务府总管梁多瑞送了时新料子来。,0,0.30204443930561575,19,0,1,0,0,0,1,2,0,0,0,0,0,0,0,1
ep76-1185-017,ep76,1185,甄嬛,正好你来，你表姑母过世，你也理应去景仁宫致礼。,0,0.3010364775228962,23,0,1,0,3,0,0,3,0,0,0,1,0,0,0,0
ep63-996-121,ep63,996,皇帝,你先起来吧。,0,0.3009428223183552,6,1,0,0,1,0,1,1,0,0,1,0,0,0,0,0
ep56-894-014,ep56,894,剪秋,娘娘，各宫嫔妃来请安，已在外头等候了。,0,0.2997326096539674,19,0,1,0,0,0,1,3,0,0,0,0,0,0,0,1
ep76-1186-003,ep76,1186,槿汐,看见六贝勒如此，太后也可以欣慰了。,0,0.29648366547969063,17,0,1,0,0,0,1,2,0,0,0,0,0,0,0,1
ep56-893-013,ep56,893,甄嬛,有弘历，额娘也不是孤身一人了。,0,0.29483994610511427,15,0,1,0,0,0,1,2,0,0,0,1,0,0,0,0
ep56-899-008,ep56,899,眉庄,药喝得太苦，怄太后笑一笑罢了，来。,0,0.29419645734302513,17,0,1,0,0,0,1,3,0,0,0,0,0,0,0,1
ep76-1177-003,ep76,1177,甄嬛,皇上病重，夏刈是留不得了。,0,0.2893568214947991,13,0,1,0,0,0,1,2,0,0,0,1,0,0,0,0
ep56-892-009,ep56,892,甄嬛,皇上言重了，皇上与臣妾之间没有这样生分的话。,0,0.2883846864724152,22,0,1,0,1,0,1,2,0,0,0,1,0,0,0,0
ep56-898-002,ep56,898,槿汐,娘娘，敬妃带着胧月公主来了。,0,0.28825473100509713,14,0,1,0,0,0,1,2,0,0,0,0,0,0,0,1
ep76-1185-014,ep76,1185,槿汐,太后，皇后和娴妃前来请安了。,0,0.28825473100509713,14,0,1,0,0,0,1,2,0,0,0,0,0,0,0,1
ep56-895-012,ep56,895,澜依,嫔妾身子不爽，不能陪娘娘说话了，先告辞。（离去）,0,0.2877495372877047,24,0,1,0,1,0,1,3,0,0,0,0,0,0,0,1
ep76-1184-012,ep76,1184,甄嬛,再不好过，如今也好过了。,0,0.28663804533733395,12,0,1,0,0,0,1,2,0,0,0,1,0,0,0,0
ep56-896-027,ep56,896,甄嬛,见过了，当真是与众不同。,0,0.28663804533733395,12,0,1,0,0,0,1,2,0,0,0,1,0,0,0,0
ep76-1186-001,ep76,1186,槿汐,本就长在这儿，热土难离呀。,0,0.2855421492233979,13,0,1,0,0,0,1,2,0,0,0,0,0,0,0,1
ep63-996-029,ep63,996,皇帝,人云亦云？你是说祺贵人揣测之事宫中早有议论了？,0,0.2852170895784294,23,0,1,0,1,0,1,2,1,0,1,0,0,0,0,0
ep56-899-010,ep56,899,甄嬛,是。（伺候太后漱口）,0,0.28440599126484517,10,1,0,0,0,0,0,1,0,0,0,1,0,0,0,0
ep76-1184-008,ep76,1184,甄嬛,皇后依旧耳聪目明。,0,0.2817152920912503,9,1,0,0,0,0,0,1,0,0,0,1,0,0,0,0
ep56-893-001,ep56,893,甄嬛,本宫也是小心为上。,0,0.2817152920912503,9,1,0,0,0,0,0,1,0,0,0,1,0,0,0,0
ep56-898-010,ep56,898,甄嬛,快点让额娘抱抱。,0,0.27904012260500916,8,1,0,0,0,0,0,1,0,0,0,1,0,0,0,0
ep56-900-006,ep56,900,轿夫,奴才有罪，奴才有罪。,0,0.2784175020494731,10,1,0,0,0,0,0,2,0,0,0,0,0,0,0,1
ep56-897-003,ep56,897,敬妃,胧月真聪明，就是她。,0,0.2784175020494731,10,1,0,0,0,0,0,2,0,0,0,0,0,0,0,1
ep56-900-008,ep56,900,轿夫,娘娘恕罪，娘娘恕罪。,0,0.2784175020494731,10,1,0,0,0,0,0,2,0,0,0,0,0,0,0,1
ep56-900-015,ep56,900,甄嬛,我才回宫第二天，便已经有人等不及了。,0,0.27762410936302045,18,0,1,0,1,0,1,2,0,0,0,1,0,0,0,0
ep56-894-010,ep56,894,甄嬛,服侍娘娘是应当的，臣妾不敢忘了规矩。,0,0.27762410936302045,18,0,1,0,1,0,1,2,0,0,0,1,0,0,0,0
ep56-893-009,ep56,893,甄嬛,请四阿哥进来。,0,0.2763805818462423,7,1,0,0,0,0,0,1,0,0,0,1,0,0,0,0
ep63-996-011,ep63,996,静白,有劳贵人垂询，是。,0,0.27576162571543306,9,1,0,0,0,0,0,2,0,0,0,0,0,0,0,1
ep63-996-090,ep63,996,皇帝,坐吧。祺贵人，事已至此，你还有什么可说的？,0,0.27543369494913933,21,0,1,0,1,0,1,4,1,0,1,0,0,0,0,0
ep56-893-010,ep56,893,弘历,儿子给额娘请安。,0,0.2753087677257511,8,1,0,0,0,0,0,1,0,0,0,0,0,0,0,1
ep56-894-008,ep56,894,绘春,请皇后娘娘替花。,0,0.2753087677257511,8,1,0,0,0,0,0,1,0,0,0,0,0,0,0,1
ep76-1180-009,ep76,1180,苏培盛,熹贵妃所言甚是。,0,0.2753087677257511,8,1,0,0,0,0,0,1,0,0,0,0,0,0,0,1
ep56-896-003,ep56,896,甄嬛,快请她进来。,0,0.27373676496999855,6,1,0,0,0,0,0,1,0,0,0,1,0,0,0,0
ep56-898-020,ep56,898,采月,奴婢已经领着轿辇在永寿宫外候着呢。,0,0.2734535360993879,17,0,1,0,1,0,1,1,0,0,0,0,0,0,0,1
ep63-996-020,ep63,996,众人,皇上万福金安。,0,0.27267134024315476,7,1,0,0,0,0,0,1,0,0,0,0,0,0,0,1
ep76-1185-020,ep76,1185,富察氏青樱,多谢太后教导。,0,0.27267134024315476,7,1,0,0,0,0,0,1,0,0,0,0,0,0,0,1
ep76-1185-016,ep76,1185,富察氏青樱,给皇额娘请安。,0,0.27267134024315476,7,1,0,0,0,0,0,1,0,0,0,0,0,0,0,1
ep56-898-005,ep56,898,胧月,给熹娘娘请安。,0,0.27267134024315476,7,1,0,0,0,0,0,1,0,0,0,0,0,0,0,1
ep76-1186-005,ep76,1186,弘曕,给皇额娘请安。,0,0.27267134024315476,7,1,0,0,0,0,0,1,0,0,0,0,0,0,0,1
ep76-1184-000,ep76,1184,众,给皇太后请安。,0,0.27267134024315476,7,1,0,0,0,0,0,1,0,0,0,0,0,0,0,1
ep56-891-000,ep56,891,太监,熹妃回宫——,1,0.2722216496305939,6,1,0,0,0,0,0,0,0,0,0,0,0,0,0,1
ep63-996-014,ep63,996,澜依,那就有劳了。皇上，臣妾先告退。（出）,0,0.2717241964746321,18,0,1,0,1,0,1,3,0,0,0,0,0,0,0,1
ep56-892-001,ep56,892,甄嬛,皇上有心。,0,0.2711087632618137,5,1,0,0,0,0,0,1,0,0,0,1,0,0,0,0
ep63-996-003,ep63,996,甄嬛,但愿如此。,0,0.2711087632618137,5,1,0,0,0,0,0,1,0,0,0,1,0,0,0,0
ep56-898-003,ep56,898,甄嬛,快请进来。,0,0.2711087632618137,5,1,0,0,0,0,0,1,0,0,0,1,0,0,0,0
ep56-893-016,ep56,893,弘历,是，儿子明白。,0,0.2704972000839843,7,1,0,0,0,0,0,2,0,0,0,0,0,0,0,1
ep56-900-005,ep56,900,眉庄,快快快，落轿。,0,0.2704972000839843,7,1,0,0,0,0,0,2,0,0,0,0,0,0,0,1
ep76-1187-009,ep76,1187,弘历,皇额娘请讲。,0,0.27004976377460826,6,1,0,0,0,0,0,1,0,0,0,0,0,0,0,1
ep56-895-008,ep56,895,澜依,谢娘娘关怀。,0,0.27004976377460826,6,1,0,0,0,0,0,1,0,0,0,0,0,0,0,1
ep76-1186-013,ep76,1186,弘曕,恭送皇额娘。,0,0.27004976377460826,6,1,0,0,0,0,0,1,0,0,0,0,0,0,0,1
ep76-1186-006,ep76,1186,甄嬛,来，起来。,0,0.2689424752833634,5,1,0,0,0,0,0,2,0,0,0,1,0,0,0,0
ep56-899-024,ep56,899,甄嬛,谢太后。,0,0.2684966641549224,4,1,0,0,0,0,0,1,0,0,0,1,0,0,0,0
ep76-1186-010,ep76,1186,甄嬛,那就好。,0,0.2684966641549224,4,1,0,0,0,0,0,1,0,0,0,1,0,0,0,0
ep56-894-002,ep56,894,甄嬛,谢娘娘。,0,0.2684966641549224,4,1,0,0,0,0,0,1,0,0,0,1,0,0,0,0
ep56-894-021,ep56,894,甄嬛,谢娘娘。,0,0.2684966641549224,4,1,0,0,0,0,0,1,0,0,0,1,0,0,0,0
ep56-891-002,ep56,891,皇帝,一路可好吗？,0,0.26805944383715335,6,1,0,0,0,0,0,1,1,0,1,0,0,0,0,0
ep56-896-020,ep56,896,浣碧,好。公公请。,0,0.26788882770675054,6,1,0,0,0,0,0,2,0,0,0,0,0,0,0,1
ep56-893-008,ep56,893,温实初,微臣告退。,0,0.26744412419963565,5,1,0,0,0,0,0,1,0,0,0,0,0,0,0,1
ep56-895-002,ep56,895,澜依,熹妃金安。,0,0.26744412419963565,5,1,0,0,0,0,0,1,0,0,0,0,0,0,0,1
ep56-896-025,ep56,896,梁多瑞,奴才告退。,0,0.26744412419963565,5,1,0,0,0,0,0,1,0,0,0,0,0,0,0,1
ep56-899-020,ep56,899,眉庄,太后——,0,0.26699988968550653,4,1,0,0,0,0,0,0,0,0,0,0,0,0,0,1
ep76-1186-004,ep76,1186,甄嬛,弘曕。,0,0.26590055124908185,3,1,0,0,0,0,0,1,0,0,0,1,0,0,0,0
ep63-996-094,ep63,996,甄嬛,没事。,0,0.26590055124908185,3,1,0,0,0,0,0,1,0,0,0,1,0,0,0,0
ep56-891-003,ep56,891,甄嬛,都好。,0,0.26590055124908185,3,1,0,0,0,0,0,1,0,0,0,1,0,0,0,0
ep56-892-006,ep56,892,苏培盛,是，皇上。,0,0.2652964605077433,5,1,0,0,0,0,0,2,0,0,0,0,0,0,0,1
ep56-899-012,ep56,899,甄嬛,太后言重了，臣妾实在惶恐。,0,0.2645267511724104,13,0,1,0,1,0,1,2,0,0,0,1,0,0,0,0
ep56-899-017,ep56,899,太后,果真如此，倒是哀家错怪你了。,0,0.2634841682057963,14,0,1,0,1,0,1,2,0,0,0,0,0,0,0,1
ep76-1179-015,ep76,1179,甄嬛,好。,0,0.2633205043309693,2,1,0,0,0,0,0,1,0,0,0,1,0,0,0,0
ep56-893-019,ep56,893,甄嬛,好。,0,0.2633205043309693,2,1,0,0,0,0,0,1,0,0,0,1,0,0,0,0
ep56-899-032,ep56,899,甄嬛,是。,0,0.2633205043309693,2,1,0,0,0,0,0,1,0,0,0,1,0,0,0,0
ep76-1185-015,ep76,1185,甄嬛,传。,0,0.2633205043309693,2,1,0,0,0,0,0,1,0,0,0,1,0,0,0,0
ep56-898-022,ep56,898,甄嬛,好。,0,0.2633205043309693,2,1,0,0,0,0,0,1,0,0,0,1,0,0,0,0
ep56-893-003,ep56,893,甄嬛,依兰本是无毒之物，更有安神之效，莫不成两者相克吗？,0,0.26189660693097805,25,0,1,0,0,0,0,3,1,0,0,1,0,0,0,0
ep63-996-007,ep63,996,斐雯,是奴婢记错了，是青玉花樽。,0,0.2609192341186334,13,0,1,0,1,0,1,2,0,0,0,0,0,0,0,1
ep56-898-017,ep56,898,敬妃,妹妹，月儿还小，你刚刚回宫，她可能还不认识你呢。,0,0.26088162718173386,24,0,1,0,2,0,1,4,0,0,0,0,0,0,0,1
ep63-996-058,ep63,996,苏培盛,嗻。,0,0.2597236283779017,2,1,0,0,0,0,0,1,0,0,0,0,0,0,0,1
ep76-1180-010,ep76,1180,众,是。,0,0.2597236283779017,2,1,0,0,0,0,0,1,0,0,0,0,0,0,0,1
ep63-1002-006,ep63,1002,采月,是。,0,0.2597236283779017,2,1,0,0,0,0,0,1,0,0,0,0,0,0,0,1
ep63-1002-007,ep63,1002,眉庄,快。,0,0.2597236283779017,2,1,0,0,0,0,0,1,0,0,0,0,0,0,0,1
ep63-996-040,ep63,996,甄嬛,大胆，重刑之下必多冤狱，岂有滥用重刑以得证供的？,0,0.2593416854468747,24,0,1,0,0,0,0,3,1,0,0,1,0,0,0,0
ep56-897-004,ep56,897,胧月,她也是胧月的额娘吗？为什么胧月以前都没有见过她？,0,0.25787795504244,24,0,1,0,0,0,0,2,1,0,0,0,0,0,0,1
ep56-898-021,ep56,898,眉庄,你昨儿才回宫，不如同我一起去向太后请安吧。,0,0.25746476132906515,21,0,1,0,2,0,1,2,0,0,0,0,0,0,0,1
ep76-1179-019,ep76,1179,甄嬛,臣妾必定知无不言。,0,0.2573035302064462,9,1,0,0,1,0,0,1,0,0,0,1,0,0,0,0
ep76-1180-005,ep76,1180,允禧,世祖六岁登基，圣祖八岁登基，天威所在，怎不能服众？,0,0.25621238066732555,25,0,1,0,0,0,0,4,1,0,0,0,0,0,0,1
ep76-1179-003,ep76,1179,澜依,皇上难道没有听说过“温柔刀，刀刀割人性命”吗？,0,0.25534867470243583,23,0,1,0,0,0,0,2,1,0,0,0,0,0,0,1
ep56-899-013,ep56,899,太后,惶恐？怎么熹妃怀有龙胎，君恩厚重，也会觉得惶恐？,0,0.25369385190440535,24,0,1,0,0,0,0,4,1,0,0,0,0,0,0,1
ep56-892-022,ep56,892,甄嬛,臣妾恭送皇上。,0,0.25226873878047734,7,1,0,0,1,0,0,1,0,0,0,1,0,0,0,0
ep63-996-037,ep63,996,文鸳,皇后乃六宫之主，敢问皇后，妃嫔私通罪当如何？,0,0.25076523928538474,22,0,1,0,0,0,0,3,1,0,0,0,0,0,0,1
ep63-996-097,ep63,996,甄嬛,已经好多了，只是到了冬日里不免还是会痛痒。,0,0.2498955628233432,21,0,1,0,0,0,2,2,0,0,0,1,0,0,0,0
ep63-996-106,ep63,996,皇帝,你说该如何处置？,0,0.24935883004058826,8,1,0,0,1,0,0,1,1,0,1,0,0,0,0,0
ep56-898-015,ep56,898,甄嬛,额娘也疼胧月，胧月，来亲一亲额娘好不好？,0,0.24928517175933285,20,0,1,0,0,0,0,3,1,0,0,1,0,0,0,0
ep63-1001-001,ep63,1001,玉娆,别拦着我，姐姐出事了，我要去救人，走。,0,0.24830262554440713,19,0,1,0,2,0,1,4,0,0,0,0,0,0,0,1
ep63-996-020,ep63,996,甄嬛,臣妾没有。,0,0.2472996615306742,5,1,0,0,1,0,0,1,0,0,0,1,0,0,0,0
ep56-898-024,ep56,898,胧月,额娘，你别走。,0,0.24672362678866047,7,1,0,0,1,0,0,2,0,0,0,0,0,0,0,1
ep76-1184-003,ep76,1184,甄嬛,皇后还似从前一样盯着那些鸽子看吗？,0,0.24596964420716452,17,0,1,0,0,0,0,1,1,0,0,1,0,0,0,0
ep56-893-011,ep56,893,甄嬛,快起来，给额娘瞧瞧。长这么大了，也长高了。,0,0.24579807828159836,21,0,1,0,0,0,2,4,0,0,0,1,0,0,0,0
ep56-894-017,ep56,894,敬妃,臣妾遵旨。,0,0.24384918688934154,5,1,0,0,1,0,0,1,0,0,0,0,0,0,0,1
ep56-894-024,ep56,894,众人,臣妾告退。,0,0.24384918688934154,5,1,0,0,1,0,0,1,0,0,0,0,0,0,0,1
ep56-896-008,ep56,896,甄嬛,我既然回来了，你该高兴才是。,0,0.24353881698891208,14,0,1,0,2,0,1,2,0,0,0,1,0,0,0,0
ep63-996-061,ep63,996,苏培盛,六阿哥弘曕给皇上请安。皇上，这六阿哥？,0,0.2433662691017412,19,0,1,0,0,0,0,3,1,0,0,0,0,0,0,1
ep63-996-006,ep63,996,文鸳,请问师父所说的温太医此刻可在殿中？,0,0.24253174735242666,17,0,1,0,0,0,0,1,1,0,0,0,0,0,0,1
ep76-1187-006,ep76,1187,甄嬛,你说。,0,0.24239673300869893,3,1,0,0,1,0,0,1,0,0,0,1,0,0,0,0
ep63-996-019,ep63,996,皇帝,你有没有？,0,0.24198795408205856,5,1,0,0,1,0,0,1,1,0,1,0,0,0,0,0
ep63-1000-002,ep63,1000,玉娆,她刚刚被江公公带走了，现在还没回来呢。,0,0.24152963175608055,19,0,1,0,0,0,2,2,0,0,0,0,0,0,0,1
ep76-1180-014,ep76,1180,恒亲王,你——,0,0.24099752143523098,3,1,0,0,1,0,0,0,0,0,0,0,0,0,0,1
ep76-1180-007,ep76,1180,允禧,你——,0,0.24099752143523098,3,1,0,0,1,0,0,0,0,0,0,0,0,0,0,1
ep56-895-006,ep56,895,澜依,娘娘这样大的阵仗进宫，有谁不知道？,0,0.24051845472465685,17,0,1,0,0,0,0,2,1,0,0,0,0,0,0,1
ep76-1187-003,ep76,1187,弘历,只是如此一来，果亲王一脉岂非无嗣？,0,0.24051845472465685,17,0,1,0,0,0,0,2,1,0,0,0,0,0,0,1
ep63-996-052,ep63,996,端妃,这法子断不可行，皇上龙体怎可损伤？,0,0.24051845472465685,17,0,1,0,0,0,0,2,1,0,0,0,0,0,0,1
ep76-1185-000,ep76,1185,甄嬛,两位姐姐，移居慈宁宫还习惯吗？,0,0.23907956718455667,15,0,1,0,0,0,0,2,1,0,0,1,0,0,0,0
ep76-1186-012,ep76,1186,甄嬛,知道了。好好读书，皇额娘先回去了。,0,0.23808723216166336,17,0,1,0,0,0,2,3,0,0,0,1,0,0,0,0
ep76-1185-013,ep76,1185,甄嬛,是啊，等过些日子也该打算起来了。,0,0.23767593952920468,16,0,1,0,0,0,2,2,0,0,0,1,0,0,0,0
ep56-897-002,ep56,897,胧月,就是那天穿得特漂亮的那个吗？,0,0.2352994169066496,14,0,1,0,0,0,0,1,1,0,0,0,0,0,0,1
ep56-898-012,ep56,898,甄嬛,额娘抱抱好不好？额娘抱抱？,0,0.23428888219375962,13,0,1,0,0,0,0,2,1,0,0,1,0,0,0,0
ep56-892-027,ep56,892,甄嬛,本宫回宫，宫中可有异动？,0,0.231918662090114,12,0,1,0,0,0,0,2,1,0,0,1,0,0,0,0
ep56-895-003,ep56,895,甄嬛,这位妹妹本宫从未见过？,0,0.2315147876132171,11,0,1,0,0,0,0,1,1,0,0,1,0,0,0,0
ep56-891-011,ep56,891,康常在,听说熹妃就是以前的莞嫔？,1,0.23056152716441616,12,0,1,0,0,0,0,1,1,0,0,0,0,0,0,1
ep63-996-023,ep63,996,皇帝,说吧，出了什么事，这么乱哄哄的？,0,0.2305516823109693,16,0,1,0,0,0,2,3,1,0,1,0,0,0,0,0
ep63-996-113,ep63,996,文鸳,没有人主使我，熹贵妃，是我自己恨毒了你。,0,0.23014397081975188,20,0,1,0,3,0,1,3,0,0,0,0,0,0,0,1
ep76-1187-016,ep76,1187,槿汐,太后这是要保全六贝勒？,0,0.22821777657027298,11,0,1,0,0,0,0,1,1,0,0,0,0,0,0,1
ep56-892-015,ep56,892,甄嬛,果真奇香，叫臣妾想起了碎玉轩的梨香满园了。,0,0.22736830080008727,21,0,1,0,1,0,2,2,0,0,0,1,0,0,0,0
ep56-898-016,ep56,898,胧月,你不是我额娘。,0,0.22631532112464733,7,1,0,0,2,0,0,1,0,0,0,0,0,0,0,1
ep76-1185-011,ep76,1185,甄嬛,该怎么办便怎么办吧。,0,0.22627936543017357,10,1,0,0,0,0,1,1,0,0,0,1,0,0,0,0
ep76-1177-000,ep76,1177,澜依,所以，我当年差点害得这两个孩子无法降生？,0,0.22546033881947425,20,0,1,0,1,0,0,2,1,0,0,0,0,0,0,1
ep56-898-018,ep56,898,采月,娘娘，太后午睡快醒了呢。,0,0.22493708095371487,12,0,1,0,0,0,2,2,0,0,0,0,0,0,0,1
ep56-899-000,ep56,899,眉庄,太后怎么先喝上药了，应该臣妾来喂您才是啊。,0,0.22411311922046823,21,0,1,0,1,0,2,2,0,0,0,0,0,0,0,1
ep76-1179-004,ep76,1179,甄嬛,皇上气色倒好多了。,0,0.22396647414416512,9,1,0,0,0,0,1,1,0,0,0,1,0,0,0,0
ep56-899-009,ep56,899,太后,有身子的人还叫跪着？你来服侍哀家漱口。,0,0.22315340462755054,19,0,1,0,1,0,0,2,1,0,0,0,0,0,0,1
ep56-898-032,ep56,898,敬妃,妹妹这么说太见外了。,0,0.22303527352469302,10,1,0,0,0,0,1,1,0,0,0,0,0,0,0,1
ep63-996-005,ep63,996,斐雯,已经擦了。（甄嬛笑）,0,0.22303527352469302,10,1,0,0,0,0,1,1,0,0,0,0,0,0,0,1
ep56-896-002,ep56,896,浣碧,小主，惠嫔娘娘来了。,0,0.22113657529608116,10,1,0,0,0,0,1,2,0,0,0,0,0,0,0,1
ep76-1179-028,ep76,1179,皇帝,再也回不去了，回不去了，朕与嬛嬛，与纯元，那时侯，回不去了。为了老十七，你恨毒了朕了吧？,0,0.21910853738256209,44,0,0,1,3,0,7,8,1,0,1,0,0,0,0,0
ep56-893-018,ep56,893,弘历,是，儿子都记住了。,0,0.21886138109115613,9,1,0,0,0,0,1,2,0,0,0,0,0,0,0,1
ep56-896-019,ep56,896,甄嬛,叫他进来吧。,0,0.21712906725395634,6,1,0,0,0,0,1,1,0,0,0,1,0,0,0,0
ep76-1184-006,ep76,1184,甄嬛,她是皇后，我是妃妾，自然该是我去拜见她。人在哪儿？,0,0.21496582421220933,25,0,1,0,2,0,0,4,1,0,0,1,0,0,0,0
ep76-1179-023,ep76,1179,甄嬛,臣妾要这天下来做什么？臣妾要的始终都没有得到。,0,0.21420111967646877,23,0,1,0,2,0,0,2,1,0,0,1,0,0,0,0
ep56-896-022,ep56,896,甄嬛,起来吧。,0,0.21265530321288698,4,1,0,0,0,0,1,1,0,0,0,1,0,0,0,0
ep56-895-005,ep56,895,甄嬛,那你如何知晓本宫是熹妃？,0,0.21238969378812622,12,0,1,0,1,0,0,1,1,0,0,1,0,0,0,0
ep76-1183-007,ep76,1183,甄嬛,去吧。,0,0.21044379246759085,3,1,0,0,0,0,1,1,0,0,0,1,0,0,0,0
ep56-899-021,ep56,899,太后,哀家跟她说话，你插什么嘴？,0,0.20966655114589425,13,0,1,0,1,0,0,2,1,0,0,0,0,0,0,1
ep76-1180-012,ep76,1180,恒亲王,储位之事怎凭你一面之词？,0,0.20929086852738613,12,0,1,0,1,0,0,1,1,0,0,0,0,0,0,1
ep76-1179-016,ep76,1179,皇帝,是朕的嫔妃们在哭吗？她们也知道朕不久于人世了吧。,0,0.20812550082233558,24,0,1,0,2,0,2,2,1,0,1,0,0,0,0,0
ep76-1179-005,ep76,1179,皇帝,夏刈呢？,0,0.20788220350558648,4,1,0,0,0,0,1,1,1,0,1,0,0,0,0,0
ep63-996-001,ep63,996,甄嬛,静白师父？能劳动大驾进宫，想必是挨的板子已经好了。,0,0.20703940238137328,25,0,1,0,0,0,1,3,1,0,0,1,0,0,0,0
ep76-1177-001,ep76,1177,甄嬛,可今日是你救了他们。,0,0.20529835460467594,10,1,0,0,1,0,1,1,0,0,0,1,0,0,0,0
ep76-1180-001,ep76,1180,恒亲王,熹贵妃本是有皇子之人，这储位之事岂是她说了算？,0,0.2014886038949218,23,0,1,0,0,0,1,2,1,0,0,0,0,0,0,1
ep56-893-007,ep56,893,甄嬛,你先回去吧。,0,0.1967807058559195,6,1,0,0,1,0,1,1,0,0,0,1,0,0,0,0
ep56-899-038,ep56,899,眉庄,是，臣妾知道了。,0,0.1962916575035017,8,1,0,0,1,0,1,2,0,0,0,0,0,0,0,1
ep56-899-023,ep56,899,太后,你起来吧。,0,0.1917899559116276,5,1,0,0,1,0,1,1,0,0,0,0,0,0,0,1
ep56-900-009,ep56,900,眉庄,好好的怎么会摔了一跤，都不会走路吗？,0,0.19103319957249792,18,0,1,0,0,0,1,2,1,0,0,0,0,0,0,1
ep76-1179-009,ep76,1179,皇帝,你杀了他？,0,0.19022611378915857,5,1,0,0,1,0,1,1,1,0,1,0,0,0,0,0
ep63-1000-003,ep63,1000,玉娆,姐姐怎么会有奸情呢？皇上真是糊涂。,0,0.18899257334249878,17,0,1,0,0,0,1,2,1,0,0,0,0,0,0,1
ep76-1187-000,ep76,1187,甄嬛,这个时候皇帝怎么急着过来了？,0,0.1874399451142435,14,0,1,0,0,0,1,1,1,0,0,1,0,0,0,0
ep63-1000-000,ep63,1000,玉娆,碧姐姐，十七爷的病可好些啊？,0,0.1829711330628527,14,0,1,0,0,0,1,2,1,0,0,0,0,0,0,1
ep63-1001-000,ep63,1001,允禧,这样匆匆忙忙的出什么事了？,0,0.18263223016464408,13,0,1,0,0,0,1,1,1,0,0,0,0,0,0,1
ep76-1185-004,ep76,1185,甄嬛,若弄坏了身子可怎么好？,0,0.18145690462730257,11,0,1,0,0,0,1,1,1,0,0,1,0,0,0,0
ep56-899-003,ep56,899,太后,回来了？永寿宫住得还习惯？,0,0.18099735797076788,13,0,1,0,0,0,1,2,1,0,0,0,0,0,0,1
ep56-892-025,ep56,892,甄嬛,起来吧。惠嫔一向可好？,0,0.1798302388357546,11,0,1,0,0,0,1,2,1,0,0,1,0,0,0,0
ep76-1185-002,ep76,1185,甄嬛,皇贵太妃怎么没来？,0,0.1782221080857789,9,1,0,0,0,0,0,1,1,0,0,1,0,0,0,0
ep56-900-013,ep56,900,甄嬛,这是什么地方？,0,0.17437143644108377,7,1,0,0,0,0,0,1,1,0,0,1,0,0,0,0
ep76-1187-004,ep76,1187,甄嬛,皇帝意下如何？,0,0.17437143644108377,7,1,0,0,0,0,0,1,1,0,0,1,0,0,0,0
ep63-996-008,ep63,996,文鸳,师父不会认错？,0,0.17170637910810468,7,1,0,0,0,0,0,1,1,0,0,0,0,0,0,1
ep76-1179-025,ep76,1179,甄嬛,皇上累了，先歇会儿吧，臣妾先告退了。,0,0.1706923577635121,18,0,1,0,1,0,3,3,0,0,0,1,0,0,0,0
ep56-897-000,ep56,897,胧月,额娘，我们这是要去哪儿啊？,0,0.16332866313377828,13,0,1,0,1,0,1,2,1,0,0,0,0,0,0,1
ep76-1180-004,ep76,1180,恒亲王,你别当我不晓得，立黄口小儿为国君，怎能服众啊？,0,0.16299227502857236,23,0,1,0,2,0,1,3,1,0,0,0,0,0,0,1
ep76-1183-001,ep76,1183,甄嬛,她还惦记这个呢？哀家有多久没见乌拉那拉氏了？,0,0.15730996479386392,22,0,1,0,0,0,2,2,1,0,0,1,0,0,0,0
ep63-1000-001,ep63,1000,浣碧,好多了。小主呢？怎么这么久都没有见到她？,0,0.15001117150370202,20,0,1,0,0,0,2,3,1,0,0,0,0,0,0,1
ep63-996-083,ep63,996,端妃,是啊，您已经是皇后，还有什么不满足呢？,0,0.1483283984355257,19,0,1,0,0,0,2,3,1,0,0,0,0,0,0,1
ep76-1179-006,ep76,1179,甄嬛,药熬好了，皇上怎么先喝参汤了？,0,0.1453940351384905,15,0,1,0,0,0,2,2,1,0,0,1,0,0,0,0
ep56-895-009,ep56,895,甄嬛,贵人为何摘了那么多花瓣呢？,0,0.14347527555409503,13,0,1,0,0,0,2,1,1,0,0,1,0,0,0,0
ep63-996-088,ep63,996,甄嬛,皇上验过，疑心尽可消了吧？,0,0.14212997400114782,13,0,1,0,0,0,2,2,1,0,0,1,0,0,0,0
ep63-1002-001,ep63,1002,眉庄,你说什么，熹贵妃受了好大的委屈？受了什么委屈？,0,0.13957806488192204,23,0,1,0,1,0,2,3,1,0,0,0,0,0,0,1
ep56-898-019,ep56,898,眉庄,知道了，轿辇备下了吗？,0,0.13671423941182503,11,0,1,0,0,0,2,2,1,0,0,0,0,0,0,1
ep76-1186-007,ep76,1186,弘曕,皇额娘为什么哭了？,0,0.13542800804906518,9,1,0,0,0,0,1,1,1,0,0,0,0,0,0,1
ep56-900-007,ep56,900,眉庄,嬛儿，还好吧？,0,0.1310960566407656,7,1,0,0,0,0,1,2,1,0,0,0,0,0,0,1
ep76-1185-008,ep76,1185,敬贵太妃,什么时候啊？,0,0.13083785105690343,6,1,0,0,0,0,1,1,1,0,0,0,0,0,0,1
ep63-1001-002,ep63,1001,允禧,宫里怎么了？,0,0.13083785105690343,6,1,0,0,0,0,1,1,1,0,0,0,0,0,0,1
ep76-1185-006,ep76,1185,甄嬛,怎么了？,0,0.12994285652857912,4,1,0,0,0,0,1,1,1,0,0,1,0,0,0,0
ep63-996-089,ep63,996,甄嬛,臣妾此身从此分明了？,0,0.12499312931245973,10,1,0,0,1,0,1,1,1,0,0,1,0,0,0,0
ep56-896-026,ep56,896,眉庄,你见过宁贵人了？,0,0.12013893272334909,8,1,0,0,1,0,1,1,1,0,0,0,0,0,0,1
ep56-898-013,ep56,898,敬妃,胧月乖，额娘怎么会不要胧月呢？好了，好了好了。,0,0.08954626426336379,23,0,1,0,0,0,4,4,1,0,0,0,0,0,0,1
ep63-996-003,ep63,996,甄嬛,自本宫回宫以来，关于本宫和双生子的流言已经太多，从前不加责备，是觉得流言无稽，谁知一再宽纵反而酿成今日大祸！,0,0.06874093858151148,54,0,0,1,0,0,0,5,0,1,0,1,0,0,0,0
ep63-996-075,ep63,996,温实初,皇上，此水有酸涩的味道，是加了白矾的缘故，皇上，医书古籍上有注，若以白矾置入水中，虽非亲生父子也可以相融，若以清油置于水中，虽为亲生父子也不可以相融啊皇上！,0,0.04907776802912026,78,0,0,1,0,0,2,9,0,1,0,0,0,0,0,1
ep76-1184-015,ep76,1184,小允子,娘娘好糊涂，先帝生前太后已是贵妃，摄六宫事，如今四阿哥登基，只尊咱们这独一无二的太后。,0,0.045413637132893994,43,0,0,1,0,0,0,5,0,0,0,0,0,0,1,0
ep56-892-028,ep56,892,小允子,那些人说些个什么，娘娘大可不必往心里去，倒是听说为了大修永寿宫，外头大臣们吵个没完，连恒亲王也极力反对，一个个上书皇上，说——,0,0.04318944627516694,63,0,0,1,0,0,1,6,0,0,0,0,0,0,1,0
ep76-1179-033,ep76,1179,甄嬛,不妨告诉皇上，回宫后在你身边每一刻，每一次与你接触，都让我觉得无比恶心！宁嫔也是如此。,0,0.04211895582413416,43,0,0,1,3,0,0,5,0,1,0,1,0,0,0,0
ep63-996-116,ep63,996,皇后,有自己的姐妹在宫里真好，臣妾看见熹贵妃和自己的亲妹妹一起，臣妾就想起以前和姐姐一起在王府侍奉皇上的时候了，亲姐妹在一起，不管是祸是福，起码有一个人会信自己，皇上，若是姐姐在的话，她一定会相信臣妾是清白的。,0,0.039279723350915015,102,0,0,1,3,0,1,9,0,0,0,0,0,1,0,0
ep63-996-045,ep63,996,允禧,倒也不用本王亲眼看着熹贵妃亲力亲为，只瞧熹贵妃身量纤纤，便可知她辛苦，倒是祺贵人珠圆玉润，可知是享清福的人。,0,0.03800604975154744,54,0,0,1,1,1,0,5,0,0,0,0,0,0,0,1
ep63-996-073,ep63,996,甄嬛,这水——这水一定有问题，皇上，水有问题！（刺了苏培盛血滴入，融了）皇上，这水有问题，任何人的血滴进去都能相融，皇上你来看！,0,0.03612857666612455,61,0,0,1,1,0,2,8,0,1,0,1,0,0,0,0
ep56-894-007,ep56,894,皇后,熹妃有心。其实东西还是其次，最要紧的是妹妹一番聪慧，知道终有一日还能与本宫相见。,0,0.0360839438937347,40,0,0,1,0,0,0,4,0,0,0,0,0,1,0,0
ep63-996-024,ep63,996,陵容,姐姐为皇上生有皇嗣，又在后宫操持大小事宜，没有功劳也有苦劳，皇上一定要彻查此事，也好让姐姐免受闲言碎语的困扰。,0,0.035575693282325335,55,0,0,1,0,0,0,5,0,0,0,0,1,0,0,0
ep76-1179-032,ep76,1179,皇帝,放肆，放肆，你果然对允礼有私情，你竟敢、你竟然谋逆背叛朕。,0,0.033811117013028094,29,0,0,1,4,1,0,5,0,0,1,0,0,0,0,0
ep56-894-016,ep56,894,皇后,如今熹妃回来了，敬妃你也要多带着胧月公主去熹妃宫里走走，到底熹妃是胧月的生母，等熹妃生产之后胧月公主也该送回永寿宫去，你这个养娘再亲，到底也比不上人家亲娘。,0,0.03362914299348742,78,0,0,1,2,0,1,6,0,0,0,0,0,1,0,0
ep56-894-005,ep56,894,皇后,你有孕在身，又刚从甘露寺回来，是应该好好地歇息一下，反正日后都要见的，请安也不急在一时。,0,0.033337292541857334,44,0,0,1,1,0,0,5,0,0,0,0,0,1,0,0
ep56-892-014,ep56,892,皇帝,容儿素擅制香，这便是她的手艺。也难为她了，配了数百种香料才配得此古方，若换了旁人，必没有她这份细心。朕有时不得安眠，闻得此香便能好受许多。,0,0.03219587165377465,69,0,0,1,1,1,3,8,0,0,1,0,0,0,0,0
ep63-996-030,ep63,996,皇后,宫中女子长日无事，往往捕风捉影、以讹传讹，皇上不必放在心上。,0,0.03174547880051653,30,0,0,1,0,0,0,4,0,0,0,0,0,1,0,0
ep63-996-027,ep63,996,温实初,祺贵人言下之意，是说皇子和公主并非龙裔？事关江山社稷，祺贵人怎么可以胡乱揣测？皇上，万万不能听祺贵人的揣测啊皇上！,0,0.029448212387584695,57,0,0,1,0,0,1,6,1,1,0,0,0,0,0,1
ep63-996-047,ep63,996,皇后,有慎贝勒作保是好，只是六阿哥是皇上的血脉，皇上更对他寄予厚望，事关千秋万代，实在不能不仔细啊。,0,0.02902721008848674,47,0,0,1,0,0,1,5,0,0,0,0,0,1,0,0
ep63-996-032,ep63,996,皇后,熹贵妃有孕入宫继而早产，人人都说熹贵妃双生子来路不明，并非皇上血脉，这等谣传污人清听，所以臣妾并未轻易相信呢。,0,0.02852440947222239,55,0,0,1,1,0,1,5,0,0,0,0,0,1,0,0
ep63-996-028,ep63,996,皇后,祺贵人揣测之事尚无确凿依据，你们素日就爱人云亦云，本宫不许你们到处乱嚼舌根。,0,0.027954957419084017,38,0,0,1,2,0,0,3,0,0,0,0,0,1,0,0
ep63-996-056,ep63,996,甄嬛,皇上要试便是真疑心臣妾了，既然皇上疑心臣妾与温太医有私，那弘曕只要与温太医滴血验亲即可，这样既不损皇上龙体，也可还臣妾与弘曕清白。,0,0.02604231441247112,65,0,0,1,3,1,1,5,0,0,0,1,0,0,0,0
ep63-996-109,ep63,996,澜依,静白师父还说自己已经两年未踏入后宫，见着我脱口便称贵人，供海灯时又知我这位分不高，可见对后宫之事了如指掌啊，倒难为了祺贵人，一个个把你们给搜罗起来！,0,0.025013521748162876,74,0,0,1,3,0,3,6,0,1,0,0,0,0,0,1
ep63-996-023,ep63,996,皇后,皇上若真要还熹贵妃一个清白，就该彻查此事，以免日后再有闲话呀。,0,0.024121702680459843,31,0,0,1,0,0,1,3,0,0,0,0,0,1,0,0
ep56-894-003,ep56,894,皇后,剪秋，看茶。今儿个也不是初一十五的大日子，熹妃这样早就来了。,0,0.023557423199531934,30,0,0,1,0,0,1,4,0,0,0,0,0,1,0,0
ep63-996-026,ep63,996,皇后,祺贵人在众人面前发了毒誓，臣妾看她如此郑重或许有隐情，若真有什么误会立刻解开了也好，否则若以讹传讹出去，对熹贵妃清誉亦是有损。,0,0.02346007782462497,63,0,0,1,1,0,2,5,0,0,0,0,0,1,0,0
ep76-1185-009,ep76,1185,小允子,是昨日半夜，心悸而死，宫女发现送进去的早膳未曾动，才发现出了事。来报的宫女说，她身子都僵了，可是眼睛仍瞪得老大，死不瞑目呢。,0,0.023051365616914028,62,0,0,1,0,0,3,8,0,0,0,0,0,0,1,0
ep56-900-011,ep56,900,浣碧,你打量着蒙我是吗？这是回永寿宫最近的路吗？为什么偏走这条路？！,0,0.022767850758667975,31,0,0,1,2,0,0,4,1,1,0,0,0,0,0,1
ep56-894-011,ep56,894,皇后,一晃数年，瞧着熹妃的样子不改分毫，倒似更见风韵了，当真连岁月匆匆都格外疼惜熹妃，全不似本宫人老珠黄了。,0,0.022670492244710082,51,0,0,1,0,0,2,5,0,0,0,0,0,1,0,0
ep63-996-038,ep63,996,皇后,皇上，请体念熹贵妃是六阿哥的额娘，皇上就从轻发落吧。,0,0.022609410316884775,26,0,0,1,0,0,1,3,0,0,0,0,0,1,0,0
ep56-892-030,ep56,892,小允子,却也没有这般难听，娘娘是四阿哥生母，为国祈福，谁敢乱提废妃的事？,0,0.022471198916207944,32,0,0,1,0,0,0,4,1,0,0,0,0,0,1,0
ep76-1186-008,ep76,1186,甄嬛,皇额娘也不知道。你的几位皇叔里，属你十七叔学识最渊博，可惜他已经不在了，你应该多向你十七叔学，旨在博学多思才好，皇额娘要你住在此处，便是这个意思。,0,0.021952679160710812,73,0,0,1,5,1,1,8,0,0,0,1,0,0,0,0
ep56-892-026,ep56,892,小允子,都挺好，都挺好，只是皇上已许久不去碎玉轩了，惠嫔和奴才们都天天盼着娘娘您回宫呢。过去剩下的老人不多了，这回内务府又指派了斐雯、小翠等一干新人来伺候娘娘。,0,0.020697547618611745,76,0,0,1,0,0,4,7,0,0,0,0,0,0,1,0
ep63-996-051,ep63,996,皇后,这个法子倒不难，只是要刺伤龙体取血，臣妾实在是不敢呢。,0,0.020286128247106596,27,0,0,1,1,0,1,3,0,0,0,0,0,1,0,0
ep63-996-107,ep63,996,陵容,臣妾看这姑子心眼也忒坏了，又爱搬弄口舌是非，皇上定要拔下她的舌头，替姐姐出口恶气。,0,0.019737604784153866,41,0,0,1,1,0,1,4,0,0,0,0,1,0,0,0
ep56-894-019,ep56,894,陵容,回娘娘，宁贵人一早起说不舒服，是而不能向皇后请安了。,0,0.01853973702359522,26,0,0,1,0,0,1,3,0,0,0,0,1,0,0,0
ep76-1183-000,ep76,1183,小允子,禀太后，今日景仁宫的人来回话，乌拉那拉氏听得礼乐炮声，问了是否是新帝登基？,0,0.01775402736107084,37,0,0,1,0,0,1,4,1,0,0,0,0,0,1,0
ep56-898-027,ep56,898,敬妃,胧月，你怎么能说这种话呢？！妹妹，我从来没有教过胧月这么讲话，都是以前皇上从来不让我在她面前提起你，所以——,0,0.017442384371917672,54,0,0,1,4,0,1,6,1,1,0,0,0,0,0,1
ep76-1178-002,ep76,1178,小允子,就是因为你替皇上办了不该办的事，所以才有人要了结你。,0,0.016310841530863842,26,0,0,1,2,0,2,2,0,0,0,0,0,0,1,0
ep63-996-016,ep63,996,陵容,臣妾听说念佛的人心肠都好些，连只蚂蚁都舍不得踩死，熹贵妃是在甘露寺为国祈福修行过的人，又得菩萨庇佑产下皇嗣，怎么会有如此淫乱之事呢？,0,0.01510834848322069,66,0,0,1,1,0,1,5,1,0,0,0,1,0,0,0
ep63-996-080,ep63,996,皇后,臣妾若用此招，一不小心就会被发现的，岂非太过冒险？臣妾没那么愚蠢。,0,0.014506259359178288,33,0,0,1,2,0,0,4,1,0,0,0,0,1,0,0
ep76-1184-009,ep76,1184,皇后,今日是登基大典，除了你，还有谁有闲情逸致来看本宫？你真是一点也没有改变，和本宫讨厌的样子都没有区别。,0,0.013243941622403945,50,0,0,1,2,0,1,5,1,0,0,0,0,1,0,0
ep76-1179-035,ep76,1179,甄嬛,来人？门口侍卫都被臣妾遣走了，臣妾就在这儿，皇上吩咐便是。皇上刚服下参汤，动怒无益于龙体安泰，只会让皇上五内郁结心火难消，皇上息怒吧。,0,0.012089713425127902,67,0,0,1,2,1,2,8,1,0,0,1,0,0,0,0
ep56-894-020,ep56,894,皇后,既然她不舒服，就叫太医好好照看着吧。熹妃啊，你有孕，身子要好好养着才是，要多歇息、少走动，能免的礼数就免了吧。,0,0.011192924515602682,55,0,0,1,1,0,4,8,0,0,0,0,0,1,0,0
ep63-996-082,ep63,996,皇后,皇上，臣妾冤枉啊，皇上明鉴，臣妾贵为皇后，何必还要出此下策陷害熹贵妃？,0,0.010881335447224041,35,0,0,1,2,0,1,5,1,0,0,0,0,1,0,0
ep63-996-030,ep63,996,皇帝,传！,0,0.010836057424119815,2,1,0,0,0,0,0,1,0,1,1,0,0,0,0,0
ep56-894-022,ep56,894,陵容,熹妃有了四阿哥和公主，这样的福气哪里是人人都能学来的？,0,0.01058844953229879,27,0,0,1,0,0,1,2,1,0,0,0,1,0,0,0
ep56-891-016,ep56,891,陵容,皇上为了姐姐的永寿宫费尽心思，又在库里寻了多少积年的珍宝出来，也不让咱们看新鲜，只等姐姐回来开宫呢，不如姐姐带我们开开眼吧。,0,0.010373841087279253,62,0,0,1,1,0,4,5,0,0,0,0,1,0,0,0
ep63-996-002,ep63,996,斐雯,熹贵妃饶命，皇上饶命！（被拖出）,0,0.009760985420621104,16,0,1,0,0,0,0,2,0,1,0,0,0,0,0,1
ep63-996-120,ep63,996,绘春,皇后娘娘救我！皇后娘娘，皇后娘娘……（被侍卫拖出）,0,0.009715350080643767,25,0,1,0,1,0,0,2,0,1,0,0,0,0,0,1
ep63-996-072,ep63,996,皇帝,你太叫朕失望了。你自己看！,0,0.008527495214367948,13,0,1,0,3,0,1,2,0,1,1,0,0,0,0,0
ep76-1179-030,ep76,1179,皇帝,你这个毒妇！朕要杀了你！,0,0.008416122007400167,12,0,1,0,3,0,1,2,0,1,1,0,0,0,0,0
ep76-1183-004,ep76,1183,小允子,景仁宫空落许久，乌拉那拉氏她——,0,0.00751460320099141,16,0,1,0,0,0,0,1,0,0,0,0,0,0,1,0
ep63-996-066,ep63,996,温实初,皇上，这不可能，这绝对不可能啊皇上！,0,0.0073130438956647064,18,0,1,0,0,0,1,3,0,1,0,0,0,0,0,1
ep63-996-046,ep63,996,文鸳,你——（皇帝：你闭嘴！）,0,0.007241117673153892,12,0,1,0,2,0,0,2,0,1,0,0,0,0,0,1
ep56-892-018,ep56,892,小允子,皇上万安，熹妃娘娘吉祥。,0,0.0070518415758176675,12,0,1,0,0,0,0,2,0,0,0,0,0,0,1,0
ep76-1184-002,ep76,1184,小允子,时移世易，人事早已不同。,0,0.0070518415758176675,12,0,1,0,0,0,0,2,0,0,0,0,0,0,1,0
ep63-996-019,ep63,996,苏培盛,皇上驾到！（皇帝入）,0,0.00675791387466579,10,1,0,0,0,0,0,1,0,1,0,0,0,0,0,1
ep76-1180-006,ep76,1180,恒亲王,世祖有多尔衰，圣祖有鳌拜，你可别学错了路！,0,0.0067258982266155745,21,0,1,0,1,0,1,3,0,1,0,0,0,0,0,1
ep56-894-013,ep56,894,皇后,牡丹又如何，凭它什么花都会有开有谢，只是早晚而已。,0,0.0067133644653697535,25,0,1,0,0,0,0,3,0,0,0,0,0,1,0,0
ep76-1181-001,ep76,1181,百官,皇上仁孝，福泽万民！,0,0.006684543467660482,10,1,0,0,0,0,0,2,0,1,0,0,0,0,0,1
ep56-892-023,ep56,892,苏培盛,起驾！（皇帝出）,0,0.006582228835998166,8,1,0,0,0,0,0,1,0,1,0,0,0,0,0,1
ep56-894-009,ep56,894,皇后,熹妃从前服侍本宫替花的规矩倒一点都没错。,0,0.006424234230074983,20,0,1,0,0,0,0,1,0,0,0,0,0,1,0,0
ep63-996-070,ep63,996,甄嬛,谁敢！,0,0.006277740713675037,3,1,0,0,0,0,0,1,0,1,0,1,0,0,0,0
ep63-996-042,ep63,996,苏培盛,真要把慎刑司七十二道刑罚都受遍了，不死也成了残废了，即便是还人清白又有何用呢？,0,0.006038788016502396,39,0,0,1,0,1,4,3,1,0,0,0,0,0,0,1
ep76-1183-006,ep76,1183,小允子,她是痴心妄想，太后留她性命至今，已是宽仁无比了。,0,0.0060237460139276455,24,0,1,0,0,0,1,3,0,0,0,0,0,0,1,0
ep63-996-068,ep63,996,甄嬛,臣妾无错，为何要跪！,0,0.006019653064161967,10,1,0,0,1,0,0,2,0,1,0,1,0,0,0,0
ep76-1184-026,ep76,1184,皇后,皇后……皇后……（哭）,0,0.005768417951869202,11,0,1,0,0,0,0,0,0,0,0,0,0,1,0,0
ep63-996-029,ep63,996,皇后,要不要传还请皇上做主。,0,0.00570572875022053,11,0,1,0,0,0,0,1,0,0,0,0,0,1,0,0
ep76-1185-007,ep76,1185,小允子,回太后娘娘的话，景仁宫娘娘殁了。,0,0.005480384482191992,16,0,1,0,0,0,1,2,0,0,0,0,0,0,1,0
ep63-996-078,ep63,996,皇后,臣妾准备的水绝没有问题。,0,0.005110341560803973,12,0,1,0,1,0,0,1,0,0,0,0,0,1,0,0
ep56-893-006,ep56,893,小允子,娘娘，四阿哥求见。,0,0.005019911036679749,9,1,0,0,0,0,0,2,0,0,0,0,0,0,1,0
ep76-1177-006,ep76,1177,小允子,嗻，奴才即刻去办。,0,0.005019911036679749,9,1,0,0,0,0,0,2,0,0,0,0,0,0,1,0
ep63-1000-006,ep63,1000,小允子,是。,0,0.004627352757266167,2,1,0,0,0,0,0,1,0,0,0,0,0,0,1,0
ep76-1184-022,ep76,1184,皇后,是啊，死生不复相见，死生不复相见……,0,0.004561775934632847,18,0,1,0,0,0,1,2,0,0,0,0,0,1,0,0
ep63-996-007,ep63,996,静白,阿弥陀佛，便是眼前的这一位了。,0,0.0043991902126289326,15,0,1,0,0,1,1,2,0,0,0,0,0,0,0,1
ep63-996-104,ep63,996,陵容,姐姐受了这样大的委屈，皇上定要重重地惩罚这个姑子。,0,0.004089380032586149,25,0,1,0,0,0,1,2,0,0,0,0,1,0,0,0
ep76-1184-005,ep76,1184,小允子,乌拉那拉氏怎么不来迎接太后？,0,0.004060613645886416,14,0,1,0,0,0,0,1,1,0,0,0,0,0,1,0
ep63-996-049,ep63,996,皇后,只怕要滴血验亲。,0,0.004060083650110705,8,1,0,0,0,0,0,1,0,0,0,0,0,1,0,0
ep63-996-022,ep63,996,皇后,臣妾等搅扰了皇上清安，望皇上恕罪。,0,0.003978785852183483,17,0,1,0,1,0,1,2,0,0,0,0,0,1,0,0
ep63-996-084,ep63,996,皇后,皇上明鉴哪。,0,0.003954254704975485,6,1,0,0,0,0,0,1,0,0,0,0,0,1,0,0
ep56-891-013,ep56,891,陵容,妹妹只当此生再不能见姐姐了，不想还有今日。,0,0.0038789684186239966,21,0,1,0,0,0,1,2,0,0,0,0,1,0,0,0
ep63-996-060,ep63,996,皇后,是。,0,0.003750769534265668,2,1,0,0,0,0,0,1,0,0,0,0,0,1,0,0
ep76-1178-001,ep76,1178,夏刈,你们、你们要干什么？谁敢杀我？我是替皇上办事的！,0,0.0035965367516713168,24,0,1,0,4,0,0,4,1,1,0,0,0,0,0,1
ep76-1183-002,ep76,1183,小允子,四年了。,0,0.0035004929658822457,4,1,0,0,0,0,1,1,0,0,0,0,0,0,1,0
ep56-891-004,ep56,891,皇后,皇上一告诉本宫你要回来，本宫开心得不得了啊。,0,0.003131121786571523,22,0,1,0,1,0,2,2,0,0,0,0,0,1,0,0
ep56-894-015,ep56,894,皇后,熹妃，一同去吧。,0,0.0029582232449131256,8,1,0,0,0,0,1,2,0,0,0,0,0,1,0,0
ep56-894-001,ep56,894,皇后,起来坐吧。,0,0.002874522104336225,5,1,0,0,0,0,1,1,0,0,0,0,0,1,0,0
ep63-996-034,ep63,996,皇后,臣妾也是如此认为呀。,0,0.0027136106382997455,10,1,0,0,1,0,1,1,0,0,0,0,0,1,0,0
ep56-896-017,ep56,896,眉庄,那倒也不难，人吃五谷杂粮，哪有不生病的呢？,0,0.0026098909336634553,21,0,1,0,0,1,1,3,1,0,0,0,0,0,0,1
ep76-1184-011,ep76,1184,皇后,甄嬛，这几年你也不好过吧？,0,0.0020904198248551144,13,0,1,0,1,0,1,2,1,0,0,0,0,1,0,0
ep56-894-023,ep56,894,皇后,好了，今天就这样吧，你们都散了吧。,0,0.0015717809679046681,17,0,1,0,1,0,4,3,0,0,0,0,0,1,0,0
ep76-1184-007,ep76,1184,皇后,你来了？,0,0.0013876132865880823,4,1,0,0,1,0,1,1,1,0,0,0,0,1,0,0
ep76-1184-024,ep76,1184,皇后,是先帝恨毒了我，还是你甄嬛恨毒了我？,0,0.0012835288920130252,18,0,1,0,3,0,2,2,1,0,0,0,0,1,0,0
ep56-894-018,ep56,894,皇后,先坐下吧。对了，宁贵人呢？为什么今日没来呢？,0,0.001040432869894234,22,0,1,0,0,0,4,4,1,0,0,0,0,1,0,0
ep76-1184-014,ep76,1184,皇后,新帝即位，她是新帝的额娘，是圣母皇太后，先帝未曾废后，本宫依旧是正宫，如今便该是母后皇太后，嫡庶有别，还是该她甄嬛先来拜见哀家！,0,0.0008581868558441714,64,0,0,1,0,0,0,8,0,1,0,0,0,1,0,0
ep76-1184-018,ep76,1184,皇后,不管谁是皇帝，哀家也是太后，即便被你甄嬛困在这景仁宫一生一世，哀家都是太后啊！,0,0.0004186181238669583,39,0,0,1,1,0,1,4,0,1,0,0,0,1,0,0
ep63-996-050,ep63,996,陵容,臣妾以前倒是听太医说过，所谓滴血验亲，便是将二人的血刺在同一器皿之内，看是否融为一体，若融为一体即为亲，否则便是没有血缘之亲。,0,0.0003856636021519432,63,0,0,1,1,1,0,6,0,0,0,0,1,0,0,0
ep63-996-069,ep63,996,皇后,血相融者即为亲，你还有什么可辩驳？！来人，剥去她的贵妃服制，打入冷宫！连同孽障一起给我扔进去！温实初即刻杖杀！,0,0.00032879272840839047,55,0,0,1,2,0,0,8,1,1,0,0,0,1,0,0
ep76-1184-016,ep76,1184,皇后,你竟不让自己的儿子做皇帝？天下间竟然有你这样的额娘？,0,0.00014762268786333119,26,0,0,1,2,1,0,2,1,0,0,0,0,1,0,0
ep76-1178-000,ep76,1178,小允子,手脚利索点，快快快！赶紧，堵住嘴，堵住嘴。,0,0.00013501953144579474,21,0,1,0,0,0,0,5,0,1,0,0,0,0,1,0
ep63-996-015,ep63,996,皇后,皇上，温太医频频探访甘露寺，是否皇上授意呢？若是皇上授意，那么此事倒也情有可原了。,0,0.00012093602775300604,41,0,0,1,0,1,2,5,1,0,0,0,0,1,0,0
ep76-1184-020,ep76,1184,皇后,你好歹毒的心肠啊，哀家是新帝的嫡母啊，是嫡母啊，你怎么可以不顾新帝的身份？你如何对得起先帝，你对得起先帝吗？！,0,0.00010337141370481152,55,0,0,1,4,0,3,7,1,1,0,0,0,1,0,0
ep56-892-024,ep56,892,小允子,奴才给熹妃娘娘请安！,0,9.014626135399358e-05,10,1,0,0,0,0,0,1,0,1,0,0,0,0,1,0
ep56-900-004,ep56,900,小允子,落轿！,0,8.215679420563162e-05,3,1,0,0,0,0,0,1,0,1,0,0,0,0,1,0
ep76-1184-013,ep76,1184,小允子,大胆！竟敢在太后面前失仪，还不跪下？,0,7.334794242385098e-05,18,0,1,0,0,0,0,3,1,1,0,0,0,0,1,0
ep63-996-067,ep63,996,皇后,大胆甄嬛，还不跪下！,0,7.220844698733096e-05,10,1,0,0,0,0,0,2,0,1,0,0,0,1,0,0
