cluster_label,scene_rank,similarity,episode,episode_num,scene_number,is_continuation,scene_text,size,likes_total
0,1,0.5821149945259094,ep63,63,996,True,"（景仁宫）
静白：贫尼甘露寺静白，见过皇上、皇后娘娘。熹贵妃安好，许久不见，不知熹贵妃还记得故人吗？
甄嬛：静白师父？能劳动大驾进宫，想必是挨的板子已经好了。
静白：熹贵妃赏的一顿板子，倒是教会了贫尼说实话。
甄嬛：但愿如此。
文鸳：静白师父有什么话赶紧回了，也不耽误师父清修。
静白：是。熹贵妃娘娘初来甘露寺时，素不理睬众人，咱们这些人也只得敬而远之了，那时宫中常有一位年长的姑姑前来探望娘娘，除此",57,8599
0,2,0.5776269435882568,ep56,56,899,False,"（寿康宫，眉嬛入）
眉庄：太后怎么先喝上药了，应该臣妾来喂您才是啊。
太后：你来得正好，除了你孙姑姑，也就你伺候得最叫哀家舒坦。
甄嬛：臣妾拜见太后，愿太后凤体康健、福泽万年。
太后：回来了？永寿宫住得还习惯？
甄嬛：永寿宫太过奢华，臣妾很是不安。
太后：虽然奢华，皇帝要宠着你，也不算什么。这药喝得哀家舌头发苦，去倒掉也罢。
眉庄：臣妾就说太后越活越年轻，太后还不信，非说臣妾哄您，如今这怕苦不肯吃",57,8599
0,3,0.5455299615859985,ep63,63,1000,False,"（永寿宫）
玉娆：碧姐姐，十七爷的病可好些啊？
浣碧：好多了。小主呢？怎么这么久都没有见到她？
玉娆：她刚刚被江公公带走了，现在还没回来呢。
阿绿（急入）：浣碧姑娘在就好了，宁贵人让我赶紧来告诉一声，祺贵人她们请了甘露寺的姑子来指证娘娘在宫外有奸情，（浣碧：什么？！）让姑娘看看到底有什么办法，最好也有甘露寺的人来指证那姑子说的是假话。
玉娆：姐姐怎么会有奸情呢？皇上真是糊涂。
浣碧：要找甘露寺的人",57,8599
1,1,0.40194156765937805,ep76,76,1182,False,（叶澜依割腕自尽）,21,109
1,2,0.3828178644180298,ep76,76,1179,False,"（勤政殿，皇帝躺着）
皇帝：渴了，喝点水。
澜依：好，皇上也该到了服用金丹的时候了，（喂丹丸）来，让臣妾伺候您服用。来，让臣妾扶着您。
皇帝：朕记得你刚入宫的时候性子孤傲冷淡，现在是是越来越柔情似水了。
澜依：皇上难道没有听说过“温柔刀，刀刀割人性命”吗？
甄嬛（入）：皇上万福金安。
（澜依使个眼色，出）
甄嬛：皇上气色倒好多了。
皇帝：夏刈呢？
甄嬛：药熬好了，皇上怎么先喝参汤了？
皇帝：夏刈。",21,109
1,3,0.3819851875305176,ep63,63,996,True,"（景仁宫）
甄嬛：斐雯，你在宫里这些日子，本宫倒没瞧出你有这份心胸。
斐雯：奴婢伺候娘娘，有什么心胸都牵挂在娘娘身上，但是奴婢在宫里当差，只能对皇上一人尽忠，若有得罪还请娘娘恕罪。
甄嬛：你对皇上尽忠也算得罪本宫的话，岂非要置本宫于不忠不义之地了？容臣妾问她几句话。斐雯，无论今日之事结局如何，你都不能再回永寿宫再伺候本宫了。
斐雯：只要是在宫里伺候，无论服侍哪位小主，奴婢都会赴汤蹈火在所不辞。
甄",21,109
2,1,0.578464925289154,ep56,56,891,False,"（？皇帝皇后和众嫔妃迎候甄嬛）
太监：熹妃回宫——
甄嬛：臣妾归来，恭祝皇上、皇后圣体康健、福泽万年。
皇帝：一路可好吗？
甄嬛：都好。
皇后：皇上一告诉本宫你要回来，本宫开心得不得了啊。
甄嬛：多谢皇后娘娘关怀备至。
皇帝：果郡王既为册封使，便代朕将册封熹妃之旨晓谕六宫，此刻诸妃皆在，劳十七弟宣读吧。
允礼：是。奉天承运，皇帝诏曰：惟赞宫廷而衍庆，端赖柔嘉，钮祜禄甄嬛，毓质名门，温恭懋著，仰承皇",37,397
2,2,0.5606525540351868,ep56,56,897,False,"（街）
胧月：额娘，我们这是要去哪儿啊？
敬妃：胧月，额娘带你去给熹娘娘请安。
胧月：就是那天穿得特漂亮的那个吗？
敬妃：胧月真聪明，就是她。
胧月：她也是胧月的额娘吗？为什么胧月以前都没有见过她？
敬妃：胧月，以前熹娘娘不在宫里啊。胧月，以后你要多去熹娘娘那里玩，熹娘娘可喜欢胧月了。
胧月：熹娘娘生得漂亮，胧月也喜欢，可是我还是最喜欢额娘。",37,397
2,3,0.5549651980400085,ep56,56,894,False,"（景仁宫内室）
甄嬛：给皇后娘娘请安，恭祝娘娘凤体康健、千岁金安。
皇后：起来坐吧。
甄嬛：谢娘娘。
皇后：剪秋，看茶。今儿个也不是初一十五的大日子，熹妃这样早就来了。
甄嬛：本该昨日一回宫就来的，因而今日特来向娘娘请罪。
皇后：你有孕在身，又刚从甘露寺回来，是应该好好地歇息一下，反正日后都要见的，请安也不急在一时。
甄嬛：皇后关怀，臣妾也不敢太放肆。臣妾在外，不敢忘了皇后恩德，因此日日祝祷，奉了",37,397
3,1,0.6377706527709961,ep56,56,891,False,"（？皇帝皇后和众嫔妃迎候甄嬛）
太监：熹妃回宫——
甄嬛：臣妾归来，恭祝皇上、皇后圣体康健、福泽万年。
皇帝：一路可好吗？
甄嬛：都好。
皇后：皇上一告诉本宫你要回来，本宫开心得不得了啊。
甄嬛：多谢皇后娘娘关怀备至。
皇帝：果郡王既为册封使，便代朕将册封熹妃之旨晓谕六宫，此刻诸妃皆在，劳十七弟宣读吧。
允礼：是。奉天承运，皇帝诏曰：惟赞宫廷而衍庆，端赖柔嘉，钮祜禄甄嬛，毓质名门，温恭懋著，仰承皇",286,15273
3,2,0.6348979473114014,ep56,56,894,False,"（景仁宫内室）
甄嬛：给皇后娘娘请安，恭祝娘娘凤体康健、千岁金安。
皇后：起来坐吧。
甄嬛：谢娘娘。
皇后：剪秋，看茶。今儿个也不是初一十五的大日子，熹妃这样早就来了。
甄嬛：本该昨日一回宫就来的，因而今日特来向娘娘请罪。
皇后：你有孕在身，又刚从甘露寺回来，是应该好好地歇息一下，反正日后都要见的，请安也不急在一时。
甄嬛：皇后关怀，臣妾也不敢太放肆。臣妾在外，不敢忘了皇后恩德，因此日日祝祷，奉了",286,15273
3,3,0.626974880695343,ep56,56,897,False,"（街）
胧月：额娘，我们这是要去哪儿啊？
敬妃：胧月，额娘带你去给熹娘娘请安。
胧月：就是那天穿得特漂亮的那个吗？
敬妃：胧月真聪明，就是她。
胧月：她也是胧月的额娘吗？为什么胧月以前都没有见过她？
敬妃：胧月，以前熹娘娘不在宫里啊。胧月，以后你要多去熹娘娘那里玩，熹娘娘可喜欢胧月了。
胧月：熹娘娘生得漂亮，胧月也喜欢，可是我还是最喜欢额娘。",286,15273
4,1,0.5713170766830444,ep56,56,891,False,"（？皇帝皇后和众嫔妃迎候甄嬛）
太监：熹妃回宫——
甄嬛：臣妾归来，恭祝皇上、皇后圣体康健、福泽万年。
皇帝：一路可好吗？
甄嬛：都好。
皇后：皇上一告诉本宫你要回来，本宫开心得不得了啊。
甄嬛：多谢皇后娘娘关怀备至。
皇帝：果郡王既为册封使，便代朕将册封熹妃之旨晓谕六宫，此刻诸妃皆在，劳十七弟宣读吧。
允礼：是。奉天承运，皇帝诏曰：惟赞宫廷而衍庆，端赖柔嘉，钮祜禄甄嬛，毓质名门，温恭懋著，仰承皇",109,2933
4,2,0.5683746337890625,ep56,56,897,False,"（街）
胧月：额娘，我们这是要去哪儿啊？
敬妃：胧月，额娘带你去给熹娘娘请安。
胧月：就是那天穿得特漂亮的那个吗？
敬妃：胧月真聪明，就是她。
胧月：她也是胧月的额娘吗？为什么胧月以前都没有见过她？
敬妃：胧月，以前熹娘娘不在宫里啊。胧月，以后你要多去熹娘娘那里玩，熹娘娘可喜欢胧月了。
胧月：熹娘娘生得漂亮，胧月也喜欢，可是我还是最喜欢额娘。",109,2933
4,3,0.5594489574432373,ep56,56,894,False,"（景仁宫内室）
甄嬛：给皇后娘娘请安，恭祝娘娘凤体康健、千岁金安。
皇后：起来坐吧。
甄嬛：谢娘娘。
皇后：剪秋，看茶。今儿个也不是初一十五的大日子，熹妃这样早就来了。
甄嬛：本该昨日一回宫就来的，因而今日特来向娘娘请罪。
皇后：你有孕在身，又刚从甘露寺回来，是应该好好地歇息一下，反正日后都要见的，请安也不急在一时。
甄嬛：皇后关怀，臣妾也不敢太放肆。臣妾在外，不敢忘了皇后恩德，因此日日祝祷，奉了",109,2933
5,1,0.5627017021179199,ep56,56,897,False,"（街）
胧月：额娘，我们这是要去哪儿啊？
敬妃：胧月，额娘带你去给熹娘娘请安。
胧月：就是那天穿得特漂亮的那个吗？
敬妃：胧月真聪明，就是她。
胧月：她也是胧月的额娘吗？为什么胧月以前都没有见过她？
敬妃：胧月，以前熹娘娘不在宫里啊。胧月，以后你要多去熹娘娘那里玩，熹娘娘可喜欢胧月了。
胧月：熹娘娘生得漂亮，胧月也喜欢，可是我还是最喜欢额娘。",36,273
5,2,0.5110728740692139,ep56,56,898,False,"（永寿宫）
甄嬛：姐姐的绣功是越发好了，我的孩子要赖着姐姐做姨娘，你还不多做几件肚兜？
眉庄：这些年给胧月做得还少吗？差不多都是我和敬妃亲自动手，你说你要是生上一辈子的孩子，那我岂不是要给你做一辈子的衣裳了？你这算盘也打得真好。
槿汐：娘娘，敬妃带着胧月公主来了。
甄嬛：快请进来。
敬妃：这里真是凉爽啊，皇上让人用三个月修的永寿宫果然甚好。胧月快点叫。
胧月：给熹娘娘请安。
甄嬛：昨日人多不好言谢",36,273
5,3,0.4638296663761139,ep76,76,1182,False,（叶澜依割腕自尽）,36,273
6,1,0.6263072490692139,ep56,56,894,False,"（景仁宫内室）
甄嬛：给皇后娘娘请安，恭祝娘娘凤体康健、千岁金安。
皇后：起来坐吧。
甄嬛：谢娘娘。
皇后：剪秋，看茶。今儿个也不是初一十五的大日子，熹妃这样早就来了。
甄嬛：本该昨日一回宫就来的，因而今日特来向娘娘请罪。
皇后：你有孕在身，又刚从甘露寺回来，是应该好好地歇息一下，反正日后都要见的，请安也不急在一时。
甄嬛：皇后关怀，臣妾也不敢太放肆。臣妾在外，不敢忘了皇后恩德，因此日日祝祷，奉了",33,532
6,2,0.6160945296287537,ep76,76,1184,False,"（景仁宫）
众：给皇太后请安。
甄嬛：景仁宫一切如旧，似乎还是昔年景象。
小允子：时移世易，人事早已不同。
甄嬛：皇后还似从前一样盯着那些鸽子看吗？
丫鬟：早些年是，先帝驾崩后皇后日夜痛哭，眼睛不大好了，便不再成天望着这些乱飞的鸽子。依太后娘娘的吩咐，这些鸽子老了就再养，总是要活蹦乱跳爱飞的那些。
小允子：乌拉那拉氏怎么不来迎接太后？
甄嬛：她是皇后，我是妃妾，自然该是我去拜见她。人在哪儿？
（甄",33,532
6,3,0.6073330640792847,ep56,56,899,False,"（寿康宫，眉嬛入）
眉庄：太后怎么先喝上药了，应该臣妾来喂您才是啊。
太后：你来得正好，除了你孙姑姑，也就你伺候得最叫哀家舒坦。
甄嬛：臣妾拜见太后，愿太后凤体康健、福泽万年。
太后：回来了？永寿宫住得还习惯？
甄嬛：永寿宫太过奢华，臣妾很是不安。
太后：虽然奢华，皇帝要宠着你，也不算什么。这药喝得哀家舌头发苦，去倒掉也罢。
眉庄：臣妾就说太后越活越年轻，太后还不信，非说臣妾哄您，如今这怕苦不肯吃",33,532
7,1,0.37103065848350525,ep76,76,1182,False,（叶澜依割腕自尽）,88,50
7,2,0.30849340558052063,ep56,56,897,False,"（街）
胧月：额娘，我们这是要去哪儿啊？
敬妃：胧月，额娘带你去给熹娘娘请安。
胧月：就是那天穿得特漂亮的那个吗？
敬妃：胧月真聪明，就是她。
胧月：她也是胧月的额娘吗？为什么胧月以前都没有见过她？
敬妃：胧月，以前熹娘娘不在宫里啊。胧月，以后你要多去熹娘娘那里玩，熹娘娘可喜欢胧月了。
胧月：熹娘娘生得漂亮，胧月也喜欢，可是我还是最喜欢额娘。",88,50
7,3,0.2999493181705475,ep56,56,894,False,"（景仁宫内室）
甄嬛：给皇后娘娘请安，恭祝娘娘凤体康健、千岁金安。
皇后：起来坐吧。
甄嬛：谢娘娘。
皇后：剪秋，看茶。今儿个也不是初一十五的大日子，熹妃这样早就来了。
甄嬛：本该昨日一回宫就来的，因而今日特来向娘娘请罪。
皇后：你有孕在身，又刚从甘露寺回来，是应该好好地歇息一下，反正日后都要见的，请安也不急在一时。
甄嬛：皇后关怀，臣妾也不敢太放肆。臣妾在外，不敢忘了皇后恩德，因此日日祝祷，奉了",88,50
8,1,0.3448246717453003,ep76,76,1182,False,（叶澜依割腕自尽）,47,23
8,2,0.2828846871852875,ep76,76,1179,False,"（勤政殿，皇帝躺着）
皇帝：渴了，喝点水。
澜依：好，皇上也该到了服用金丹的时候了，（喂丹丸）来，让臣妾伺候您服用。来，让臣妾扶着您。
皇帝：朕记得你刚入宫的时候性子孤傲冷淡，现在是是越来越柔情似水了。
澜依：皇上难道没有听说过“温柔刀，刀刀割人性命”吗？
甄嬛（入）：皇上万福金安。
（澜依使个眼色，出）
甄嬛：皇上气色倒好多了。
皇帝：夏刈呢？
甄嬛：药熬好了，皇上怎么先喝参汤了？
皇帝：夏刈。",47,23
8,3,0.27611202001571655,ep56,56,894,False,"（景仁宫内室）
甄嬛：给皇后娘娘请安，恭祝娘娘凤体康健、千岁金安。
皇后：起来坐吧。
甄嬛：谢娘娘。
皇后：剪秋，看茶。今儿个也不是初一十五的大日子，熹妃这样早就来了。
甄嬛：本该昨日一回宫就来的，因而今日特来向娘娘请罪。
皇后：你有孕在身，又刚从甘露寺回来，是应该好好地歇息一下，反正日后都要见的，请安也不急在一时。
甄嬛：皇后关怀，臣妾也不敢太放肆。臣妾在外，不敢忘了皇后恩德，因此日日祝祷，奉了",47,23
9,1,0.5625832080841064,ep76,76,1182,False,（叶澜依割腕自尽）,81,1269
9,2,0.5522688627243042,ep63,63,996,True,"（景仁宫）
静白：贫尼甘露寺静白，见过皇上、皇后娘娘。熹贵妃安好，许久不见，不知熹贵妃还记得故人吗？
甄嬛：静白师父？能劳动大驾进宫，想必是挨的板子已经好了。
静白：熹贵妃赏的一顿板子，倒是教会了贫尼说实话。
甄嬛：但愿如此。
文鸳：静白师父有什么话赶紧回了，也不耽误师父清修。
静白：是。熹贵妃娘娘初来甘露寺时，素不理睬众人，咱们这些人也只得敬而远之了，那时宫中常有一位年长的姑姑前来探望娘娘，除此",81,1269
9,3,0.5232768058776855,ep63,63,996,True,"（景仁宫）
皇帝：祺贵人，瓜尔佳氏危言耸听，扰乱宫闱，打入冷宫。康常在、贞嫔，捕风捉影，以讹传讹，罚俸六个月。其余的交给熹贵妃处置。
甄嬛：槿汐，你带玢儿、莫言回去。静白、斐雯，杖毙。
斐雯：熹贵妃饶命，皇上饶命！（被拖出）
甄嬛：自本宫回宫以来，关于本宫和双生子的流言已经太多，从前不加责备，是觉得流言无稽，谁知一再宽纵反而酿成今日大祸！",81,1269
10,1,0.419759601354599,ep76,76,1182,False,（叶澜依割腕自尽）,45,73
10,2,0.34407705068588257,ep56,56,897,False,"（街）
胧月：额娘，我们这是要去哪儿啊？
敬妃：胧月，额娘带你去给熹娘娘请安。
胧月：就是那天穿得特漂亮的那个吗？
敬妃：胧月真聪明，就是她。
胧月：她也是胧月的额娘吗？为什么胧月以前都没有见过她？
敬妃：胧月，以前熹娘娘不在宫里啊。胧月，以后你要多去熹娘娘那里玩，熹娘娘可喜欢胧月了。
胧月：熹娘娘生得漂亮，胧月也喜欢，可是我还是最喜欢额娘。",45,73
10,3,0.3366364538669586,ep56,56,894,False,"（景仁宫内室）
甄嬛：给皇后娘娘请安，恭祝娘娘凤体康健、千岁金安。
皇后：起来坐吧。
甄嬛：谢娘娘。
皇后：剪秋，看茶。今儿个也不是初一十五的大日子，熹妃这样早就来了。
甄嬛：本该昨日一回宫就来的，因而今日特来向娘娘请罪。
皇后：你有孕在身，又刚从甘露寺回来，是应该好好地歇息一下，反正日后都要见的，请安也不急在一时。
甄嬛：皇后关怀，臣妾也不敢太放肆。臣妾在外，不敢忘了皇后恩德，因此日日祝祷，奉了",45,73
11,1,0.3380381762981415,ep76,76,1182,False,（叶澜依割腕自尽）,38,77
11,2,0.2902664244174957,ep56,56,894,False,"（景仁宫内室）
甄嬛：给皇后娘娘请安，恭祝娘娘凤体康健、千岁金安。
皇后：起来坐吧。
甄嬛：谢娘娘。
皇后：剪秋，看茶。今儿个也不是初一十五的大日子，熹妃这样早就来了。
甄嬛：本该昨日一回宫就来的，因而今日特来向娘娘请罪。
皇后：你有孕在身，又刚从甘露寺回来，是应该好好地歇息一下，反正日后都要见的，请安也不急在一时。
甄嬛：皇后关怀，臣妾也不敢太放肆。臣妾在外，不敢忘了皇后恩德，因此日日祝祷，奉了",38,77
11,3,0.29000645875930786,ep56,56,897,False,"（街）
胧月：额娘，我们这是要去哪儿啊？
敬妃：胧月，额娘带你去给熹娘娘请安。
胧月：就是那天穿得特漂亮的那个吗？
敬妃：胧月真聪明，就是她。
胧月：她也是胧月的额娘吗？为什么胧月以前都没有见过她？
敬妃：胧月，以前熹娘娘不在宫里啊。胧月，以后你要多去熹娘娘那里玩，熹娘娘可喜欢胧月了。
胧月：熹娘娘生得漂亮，胧月也喜欢，可是我还是最喜欢额娘。",38,77
12,1,0.5868824124336243,ep63,63,1002,False,"（碎玉轩）
眉庄：景仁宫到现在都没有消息，温大人也还没有回来，采月，你快出去打听打听，看是怎么回事啊？
宝鹊（入）：娘娘，不好了，景仁宫乱成一团，熹贵妃受了好大的委屈，安嫔娘娘让奴婢来给您报个信。
眉庄：你说什么，熹贵妃受了好大的委屈？受了什么委屈？
宝鹊：还不是祺贵人闹起来，说六阿哥是贵妃和温太医生的。（眉庄气急）奴婢先告退。
眉庄：准备好轿辇，立刻去景仁宫。
采月：小主断不能去，如果真按宝鹊所",30,4673
12,2,0.58097243309021,ep76,76,1179,False,"（勤政殿，皇帝躺着）
皇帝：渴了，喝点水。
澜依：好，皇上也该到了服用金丹的时候了，（喂丹丸）来，让臣妾伺候您服用。来，让臣妾扶着您。
皇帝：朕记得你刚入宫的时候性子孤傲冷淡，现在是是越来越柔情似水了。
澜依：皇上难道没有听说过“温柔刀，刀刀割人性命”吗？
甄嬛（入）：皇上万福金安。
（澜依使个眼色，出）
甄嬛：皇上气色倒好多了。
皇帝：夏刈呢？
甄嬛：药熬好了，皇上怎么先喝参汤了？
皇帝：夏刈。",30,4673
12,3,0.5720808506011963,ep56,56,899,False,"（寿康宫，眉嬛入）
眉庄：太后怎么先喝上药了，应该臣妾来喂您才是啊。
太后：你来得正好，除了你孙姑姑，也就你伺候得最叫哀家舒坦。
甄嬛：臣妾拜见太后，愿太后凤体康健、福泽万年。
太后：回来了？永寿宫住得还习惯？
甄嬛：永寿宫太过奢华，臣妾很是不安。
太后：虽然奢华，皇帝要宠着你，也不算什么。这药喝得哀家舌头发苦，去倒掉也罢。
眉庄：臣妾就说太后越活越年轻，太后还不信，非说臣妾哄您，如今这怕苦不肯吃",30,4673
13,1,0.5354021787643433,ep76,76,1182,False,（叶澜依割腕自尽）,20,53
13,2,0.5108430981636047,ep76,76,1179,False,"（勤政殿，皇帝躺着）
皇帝：渴了，喝点水。
澜依：好，皇上也该到了服用金丹的时候了，（喂丹丸）来，让臣妾伺候您服用。来，让臣妾扶着您。
皇帝：朕记得你刚入宫的时候性子孤傲冷淡，现在是是越来越柔情似水了。
澜依：皇上难道没有听说过“温柔刀，刀刀割人性命”吗？
甄嬛（入）：皇上万福金安。
（澜依使个眼色，出）
甄嬛：皇上气色倒好多了。
皇帝：夏刈呢？
甄嬛：药熬好了，皇上怎么先喝参汤了？
皇帝：夏刈。",20,53
13,3,0.46584439277648926,ep63,63,996,True,"（景仁宫）
甄嬛：斐雯，你在宫里这些日子，本宫倒没瞧出你有这份心胸。
斐雯：奴婢伺候娘娘，有什么心胸都牵挂在娘娘身上，但是奴婢在宫里当差，只能对皇上一人尽忠，若有得罪还请娘娘恕罪。
甄嬛：你对皇上尽忠也算得罪本宫的话，岂非要置本宫于不忠不义之地了？容臣妾问她几句话。斐雯，无论今日之事结局如何，你都不能再回永寿宫再伺候本宫了。
斐雯：只要是在宫里伺候，无论服侍哪位小主，奴婢都会赴汤蹈火在所不辞。
甄",20,53
14,1,0.5353296995162964,ep76,76,1182,False,（叶澜依割腕自尽）,33,608
14,2,0.4571491479873657,ep63,63,996,True,"（景仁宫）
甄嬛：斐雯，你在宫里这些日子，本宫倒没瞧出你有这份心胸。
斐雯：奴婢伺候娘娘，有什么心胸都牵挂在娘娘身上，但是奴婢在宫里当差，只能对皇上一人尽忠，若有得罪还请娘娘恕罪。
甄嬛：你对皇上尽忠也算得罪本宫的话，岂非要置本宫于不忠不义之地了？容臣妾问她几句话。斐雯，无论今日之事结局如何，你都不能再回永寿宫再伺候本宫了。
斐雯：只要是在宫里伺候，无论服侍哪位小主，奴婢都会赴汤蹈火在所不辞。
甄",33,608
14,3,0.45690423250198364,ep56,56,894,False,"（景仁宫内室）
甄嬛：给皇后娘娘请安，恭祝娘娘凤体康健、千岁金安。
皇后：起来坐吧。
甄嬛：谢娘娘。
皇后：剪秋，看茶。今儿个也不是初一十五的大日子，熹妃这样早就来了。
甄嬛：本该昨日一回宫就来的，因而今日特来向娘娘请罪。
皇后：你有孕在身，又刚从甘露寺回来，是应该好好地歇息一下，反正日后都要见的，请安也不急在一时。
甄嬛：皇后关怀，臣妾也不敢太放肆。臣妾在外，不敢忘了皇后恩德，因此日日祝祷，奉了",33,608
15,1,0.4982404410839081,ep76,76,1182,False,（叶澜依割腕自尽）,22,242
15,2,0.4309297204017639,ep56,56,894,False,"（景仁宫内室）
甄嬛：给皇后娘娘请安，恭祝娘娘凤体康健、千岁金安。
皇后：起来坐吧。
甄嬛：谢娘娘。
皇后：剪秋，看茶。今儿个也不是初一十五的大日子，熹妃这样早就来了。
甄嬛：本该昨日一回宫就来的，因而今日特来向娘娘请罪。
皇后：你有孕在身，又刚从甘露寺回来，是应该好好地歇息一下，反正日后都要见的，请安也不急在一时。
甄嬛：皇后关怀，臣妾也不敢太放肆。臣妾在外，不敢忘了皇后恩德，因此日日祝祷，奉了",22,242
15,3,0.43057745695114136,ep63,63,1001,False,"（玉娆赶路撞上允禧）
允禧：这样匆匆忙忙的出什么事了？
玉娆：别拦着我，姐姐出事了，我要去救人，走。
允禧：宫里怎么了？",22,242
16,1,0.4869046211242676,ep56,56,896,False,"（永寿宫）
槿汐：奴婢让小厨房进了一碗安胎定神的桑寄生杜仲贝母汤，您尝尝。
甄嬛：这汤不错，同样是安胎定神，可比那些苦得倒胃的安胎药强多了。
浣碧：小主，惠嫔娘娘来了。
甄嬛：快请她进来。
眉庄（入）：我在门口可都听见了，如今有了身孕，口味愈发刁钻了。
甄嬛：我正想着你，你就来了。快去拿眉姐姐爱吃的枣泥山药糕来，茶要碧螺春，快去。
眉庄：你惦记着我爱吃枣泥山药糕，我可是记着你有了身孕不爱吃太腻的，",100,10396
16,2,0.4772460460662842,ep76,76,1179,False,"（勤政殿，皇帝躺着）
皇帝：渴了，喝点水。
澜依：好，皇上也该到了服用金丹的时候了，（喂丹丸）来，让臣妾伺候您服用。来，让臣妾扶着您。
皇帝：朕记得你刚入宫的时候性子孤傲冷淡，现在是是越来越柔情似水了。
澜依：皇上难道没有听说过“温柔刀，刀刀割人性命”吗？
甄嬛（入）：皇上万福金安。
（澜依使个眼色，出）
甄嬛：皇上气色倒好多了。
皇帝：夏刈呢？
甄嬛：药熬好了，皇上怎么先喝参汤了？
皇帝：夏刈。",100,10396
16,3,0.4699247479438782,ep56,56,894,False,"（景仁宫内室）
甄嬛：给皇后娘娘请安，恭祝娘娘凤体康健、千岁金安。
皇后：起来坐吧。
甄嬛：谢娘娘。
皇后：剪秋，看茶。今儿个也不是初一十五的大日子，熹妃这样早就来了。
甄嬛：本该昨日一回宫就来的，因而今日特来向娘娘请罪。
皇后：你有孕在身，又刚从甘露寺回来，是应该好好地歇息一下，反正日后都要见的，请安也不急在一时。
甄嬛：皇后关怀，臣妾也不敢太放肆。臣妾在外，不敢忘了皇后恩德，因此日日祝祷，奉了",100,10396
17,1,0.4820977747440338,ep76,76,1182,False,（叶澜依割腕自尽）,36,9450
17,2,0.47199440002441406,ep76,76,1179,False,"（勤政殿，皇帝躺着）
皇帝：渴了，喝点水。
澜依：好，皇上也该到了服用金丹的时候了，（喂丹丸）来，让臣妾伺候您服用。来，让臣妾扶着您。
皇帝：朕记得你刚入宫的时候性子孤傲冷淡，现在是是越来越柔情似水了。
澜依：皇上难道没有听说过“温柔刀，刀刀割人性命”吗？
甄嬛（入）：皇上万福金安。
（澜依使个眼色，出）
甄嬛：皇上气色倒好多了。
皇帝：夏刈呢？
甄嬛：药熬好了，皇上怎么先喝参汤了？
皇帝：夏刈。",36,9450
17,3,0.4626946747303009,ep56,56,897,False,"（街）
胧月：额娘，我们这是要去哪儿啊？
敬妃：胧月，额娘带你去给熹娘娘请安。
胧月：就是那天穿得特漂亮的那个吗？
敬妃：胧月真聪明，就是她。
胧月：她也是胧月的额娘吗？为什么胧月以前都没有见过她？
敬妃：胧月，以前熹娘娘不在宫里啊。胧月，以后你要多去熹娘娘那里玩，熹娘娘可喜欢胧月了。
胧月：熹娘娘生得漂亮，胧月也喜欢，可是我还是最喜欢额娘。",36,9450
18,1,0.7482172250747681,ep56,56,898,False,"（永寿宫）
甄嬛：姐姐的绣功是越发好了，我的孩子要赖着姐姐做姨娘，你还不多做几件肚兜？
眉庄：这些年给胧月做得还少吗？差不多都是我和敬妃亲自动手，你说你要是生上一辈子的孩子，那我岂不是要给你做一辈子的衣裳了？你这算盘也打得真好。
槿汐：娘娘，敬妃带着胧月公主来了。
甄嬛：快请进来。
敬妃：这里真是凉爽啊，皇上让人用三个月修的永寿宫果然甚好。胧月快点叫。
胧月：给熹娘娘请安。
甄嬛：昨日人多不好言谢",39,3465
18,2,0.727014422416687,ep56,56,897,False,"（街）
胧月：额娘，我们这是要去哪儿啊？
敬妃：胧月，额娘带你去给熹娘娘请安。
胧月：就是那天穿得特漂亮的那个吗？
敬妃：胧月真聪明，就是她。
胧月：她也是胧月的额娘吗？为什么胧月以前都没有见过她？
敬妃：胧月，以前熹娘娘不在宫里啊。胧月，以后你要多去熹娘娘那里玩，熹娘娘可喜欢胧月了。
胧月：熹娘娘生得漂亮，胧月也喜欢，可是我还是最喜欢额娘。",39,3465
18,3,0.6604862809181213,ep56,56,894,False,"（景仁宫内室）
甄嬛：给皇后娘娘请安，恭祝娘娘凤体康健、千岁金安。
皇后：起来坐吧。
甄嬛：谢娘娘。
皇后：剪秋，看茶。今儿个也不是初一十五的大日子，熹妃这样早就来了。
甄嬛：本该昨日一回宫就来的，因而今日特来向娘娘请罪。
皇后：你有孕在身，又刚从甘露寺回来，是应该好好地歇息一下，反正日后都要见的，请安也不急在一时。
甄嬛：皇后关怀，臣妾也不敢太放肆。臣妾在外，不敢忘了皇后恩德，因此日日祝祷，奉了",39,3465
19,1,0.7210527658462524,ep76,76,1178,False,"（小允子带人围殴夏刈）
小允子：手脚利索点，快快快！赶紧，堵住嘴，堵住嘴。
夏刈：你们、你们要干什么？谁敢杀我？我是替皇上办事的！
小允子：就是因为你替皇上办了不该办的事，所以才有人要了结你。
夏刈：胡说，皇上要我查六阿哥——
小允子（板砖砸下）：叫你嘴上没把门的！赶紧打发了他，完了拖出角门，说是死了个太监。",60,5534
19,2,0.5574724674224854,ep76,76,1182,False,（叶澜依割腕自尽）,60,5534
19,3,0.5457004308700562,ep76,76,1179,False,"（勤政殿，皇帝躺着）
皇帝：渴了，喝点水。
澜依：好，皇上也该到了服用金丹的时候了，（喂丹丸）来，让臣妾伺候您服用。来，让臣妾扶着您。
皇帝：朕记得你刚入宫的时候性子孤傲冷淡，现在是是越来越柔情似水了。
澜依：皇上难道没有听说过“温柔刀，刀刀割人性命”吗？
甄嬛（入）：皇上万福金安。
（澜依使个眼色，出）
甄嬛：皇上气色倒好多了。
皇帝：夏刈呢？
甄嬛：药熬好了，皇上怎么先喝参汤了？
皇帝：夏刈。",60,5534
20,1,0.5353206396102905,ep76,76,1178,False,"（小允子带人围殴夏刈）
小允子：手脚利索点，快快快！赶紧，堵住嘴，堵住嘴。
夏刈：你们、你们要干什么？谁敢杀我？我是替皇上办事的！
小允子：就是因为你替皇上办了不该办的事，所以才有人要了结你。
夏刈：胡说，皇上要我查六阿哥——
小允子（板砖砸下）：叫你嘴上没把门的！赶紧打发了他，完了拖出角门，说是死了个太监。",88,15290
20,2,0.5057251453399658,ep63,63,1001,False,"（玉娆赶路撞上允禧）
允禧：这样匆匆忙忙的出什么事了？
玉娆：别拦着我，姐姐出事了，我要去救人，走。
允禧：宫里怎么了？",88,15290
20,3,0.4851841628551483,ep76,76,1182,False,（叶澜依割腕自尽）,88,15290
21,1,0.6316361427307129,ep76,76,1178,False,"（小允子带人围殴夏刈）
小允子：手脚利索点，快快快！赶紧，堵住嘴，堵住嘴。
夏刈：你们、你们要干什么？谁敢杀我？我是替皇上办事的！
小允子：就是因为你替皇上办了不该办的事，所以才有人要了结你。
夏刈：胡说，皇上要我查六阿哥——
小允子（板砖砸下）：叫你嘴上没把门的！赶紧打发了他，完了拖出角门，说是死了个太监。",24,376
21,2,0.5877755880355835,ep56,56,894,False,"（景仁宫内室）
甄嬛：给皇后娘娘请安，恭祝娘娘凤体康健、千岁金安。
皇后：起来坐吧。
甄嬛：谢娘娘。
皇后：剪秋，看茶。今儿个也不是初一十五的大日子，熹妃这样早就来了。
甄嬛：本该昨日一回宫就来的，因而今日特来向娘娘请罪。
皇后：你有孕在身，又刚从甘露寺回来，是应该好好地歇息一下，反正日后都要见的，请安也不急在一时。
甄嬛：皇后关怀，臣妾也不敢太放肆。臣妾在外，不敢忘了皇后恩德，因此日日祝祷，奉了",24,376
21,3,0.582037627696991,ep56,56,899,False,"（寿康宫，眉嬛入）
眉庄：太后怎么先喝上药了，应该臣妾来喂您才是啊。
太后：你来得正好，除了你孙姑姑，也就你伺候得最叫哀家舒坦。
甄嬛：臣妾拜见太后，愿太后凤体康健、福泽万年。
太后：回来了？永寿宫住得还习惯？
甄嬛：永寿宫太过奢华，臣妾很是不安。
太后：虽然奢华，皇帝要宠着你，也不算什么。这药喝得哀家舌头发苦，去倒掉也罢。
眉庄：臣妾就说太后越活越年轻，太后还不信，非说臣妾哄您，如今这怕苦不肯吃",24,376
22,1,0.5226768851280212,ep76,76,1179,False,"（勤政殿，皇帝躺着）
皇帝：渴了，喝点水。
澜依：好，皇上也该到了服用金丹的时候了，（喂丹丸）来，让臣妾伺候您服用。来，让臣妾扶着您。
皇帝：朕记得你刚入宫的时候性子孤傲冷淡，现在是是越来越柔情似水了。
澜依：皇上难道没有听说过“温柔刀，刀刀割人性命”吗？
甄嬛（入）：皇上万福金安。
（澜依使个眼色，出）
甄嬛：皇上气色倒好多了。
皇帝：夏刈呢？
甄嬛：药熬好了，皇上怎么先喝参汤了？
皇帝：夏刈。",23,4343
22,2,0.518812358379364,ep63,63,996,True,"（景仁宫）
甄嬛：斐雯，你在宫里这些日子，本宫倒没瞧出你有这份心胸。
斐雯：奴婢伺候娘娘，有什么心胸都牵挂在娘娘身上，但是奴婢在宫里当差，只能对皇上一人尽忠，若有得罪还请娘娘恕罪。
甄嬛：你对皇上尽忠也算得罪本宫的话，岂非要置本宫于不忠不义之地了？容臣妾问她几句话。斐雯，无论今日之事结局如何，你都不能再回永寿宫再伺候本宫了。
斐雯：只要是在宫里伺候，无论服侍哪位小主，奴婢都会赴汤蹈火在所不辞。
甄",23,4343
22,3,0.5078508257865906,ep56,56,894,False,"（景仁宫内室）
甄嬛：给皇后娘娘请安，恭祝娘娘凤体康健、千岁金安。
皇后：起来坐吧。
甄嬛：谢娘娘。
皇后：剪秋，看茶。今儿个也不是初一十五的大日子，熹妃这样早就来了。
甄嬛：本该昨日一回宫就来的，因而今日特来向娘娘请罪。
皇后：你有孕在身，又刚从甘露寺回来，是应该好好地歇息一下，反正日后都要见的，请安也不急在一时。
甄嬛：皇后关怀，臣妾也不敢太放肆。臣妾在外，不敢忘了皇后恩德，因此日日祝祷，奉了",23,4343
23,1,0.6029800176620483,ep56,56,896,False,"（永寿宫）
槿汐：奴婢让小厨房进了一碗安胎定神的桑寄生杜仲贝母汤，您尝尝。
甄嬛：这汤不错，同样是安胎定神，可比那些苦得倒胃的安胎药强多了。
浣碧：小主，惠嫔娘娘来了。
甄嬛：快请她进来。
眉庄（入）：我在门口可都听见了，如今有了身孕，口味愈发刁钻了。
甄嬛：我正想着你，你就来了。快去拿眉姐姐爱吃的枣泥山药糕来，茶要碧螺春，快去。
眉庄：你惦记着我爱吃枣泥山药糕，我可是记着你有了身孕不爱吃太腻的，",83,3406
23,2,0.5046119689941406,ep56,56,894,False,"（景仁宫内室）
甄嬛：给皇后娘娘请安，恭祝娘娘凤体康健、千岁金安。
皇后：起来坐吧。
甄嬛：谢娘娘。
皇后：剪秋，看茶。今儿个也不是初一十五的大日子，熹妃这样早就来了。
甄嬛：本该昨日一回宫就来的，因而今日特来向娘娘请罪。
皇后：你有孕在身，又刚从甘露寺回来，是应该好好地歇息一下，反正日后都要见的，请安也不急在一时。
甄嬛：皇后关怀，臣妾也不敢太放肆。臣妾在外，不敢忘了皇后恩德，因此日日祝祷，奉了",83,3406
23,3,0.5012639164924622,ep76,76,1179,False,"（勤政殿，皇帝躺着）
皇帝：渴了，喝点水。
澜依：好，皇上也该到了服用金丹的时候了，（喂丹丸）来，让臣妾伺候您服用。来，让臣妾扶着您。
皇帝：朕记得你刚入宫的时候性子孤傲冷淡，现在是是越来越柔情似水了。
澜依：皇上难道没有听说过“温柔刀，刀刀割人性命”吗？
甄嬛（入）：皇上万福金安。
（澜依使个眼色，出）
甄嬛：皇上气色倒好多了。
皇帝：夏刈呢？
甄嬛：药熬好了，皇上怎么先喝参汤了？
皇帝：夏刈。",83,3406
24,1,0.5112582445144653,ep76,76,1179,False,"（勤政殿，皇帝躺着）
皇帝：渴了，喝点水。
澜依：好，皇上也该到了服用金丹的时候了，（喂丹丸）来，让臣妾伺候您服用。来，让臣妾扶着您。
皇帝：朕记得你刚入宫的时候性子孤傲冷淡，现在是是越来越柔情似水了。
澜依：皇上难道没有听说过“温柔刀，刀刀割人性命”吗？
甄嬛（入）：皇上万福金安。
（澜依使个眼色，出）
甄嬛：皇上气色倒好多了。
皇帝：夏刈呢？
甄嬛：药熬好了，皇上怎么先喝参汤了？
皇帝：夏刈。",25,1197
24,2,0.5045163631439209,ep56,56,894,False,"（景仁宫内室）
甄嬛：给皇后娘娘请安，恭祝娘娘凤体康健、千岁金安。
皇后：起来坐吧。
甄嬛：谢娘娘。
皇后：剪秋，看茶。今儿个也不是初一十五的大日子，熹妃这样早就来了。
甄嬛：本该昨日一回宫就来的，因而今日特来向娘娘请罪。
皇后：你有孕在身，又刚从甘露寺回来，是应该好好地歇息一下，反正日后都要见的，请安也不急在一时。
甄嬛：皇后关怀，臣妾也不敢太放肆。臣妾在外，不敢忘了皇后恩德，因此日日祝祷，奉了",25,1197
24,3,0.49684175848960876,ep56,56,899,False,"（寿康宫，眉嬛入）
眉庄：太后怎么先喝上药了，应该臣妾来喂您才是啊。
太后：你来得正好，除了你孙姑姑，也就你伺候得最叫哀家舒坦。
甄嬛：臣妾拜见太后，愿太后凤体康健、福泽万年。
太后：回来了？永寿宫住得还习惯？
甄嬛：永寿宫太过奢华，臣妾很是不安。
太后：虽然奢华，皇帝要宠着你，也不算什么。这药喝得哀家舌头发苦，去倒掉也罢。
眉庄：臣妾就说太后越活越年轻，太后还不信，非说臣妾哄您，如今这怕苦不肯吃",25,1197
25,1,0.45052850246429443,ep56,56,897,False,"（街）
胧月：额娘，我们这是要去哪儿啊？
敬妃：胧月，额娘带你去给熹娘娘请安。
胧月：就是那天穿得特漂亮的那个吗？
敬妃：胧月真聪明，就是她。
胧月：她也是胧月的额娘吗？为什么胧月以前都没有见过她？
敬妃：胧月，以前熹娘娘不在宫里啊。胧月，以后你要多去熹娘娘那里玩，熹娘娘可喜欢胧月了。
胧月：熹娘娘生得漂亮，胧月也喜欢，可是我还是最喜欢额娘。",45,4616
25,2,0.4413909316062927,ep56,56,894,False,"（景仁宫内室）
甄嬛：给皇后娘娘请安，恭祝娘娘凤体康健、千岁金安。
皇后：起来坐吧。
甄嬛：谢娘娘。
皇后：剪秋，看茶。今儿个也不是初一十五的大日子，熹妃这样早就来了。
甄嬛：本该昨日一回宫就来的，因而今日特来向娘娘请罪。
皇后：你有孕在身，又刚从甘露寺回来，是应该好好地歇息一下，反正日后都要见的，请安也不急在一时。
甄嬛：皇后关怀，臣妾也不敢太放肆。臣妾在外，不敢忘了皇后恩德，因此日日祝祷，奉了",45,4616
25,3,0.43548306822776794,ep63,63,996,True,"（景仁宫）
甄嬛：斐雯，你在宫里这些日子，本宫倒没瞧出你有这份心胸。
斐雯：奴婢伺候娘娘，有什么心胸都牵挂在娘娘身上，但是奴婢在宫里当差，只能对皇上一人尽忠，若有得罪还请娘娘恕罪。
甄嬛：你对皇上尽忠也算得罪本宫的话，岂非要置本宫于不忠不义之地了？容臣妾问她几句话。斐雯，无论今日之事结局如何，你都不能再回永寿宫再伺候本宫了。
斐雯：只要是在宫里伺候，无论服侍哪位小主，奴婢都会赴汤蹈火在所不辞。
甄",45,4616
26,1,0.5921123623847961,ep56,56,894,False,"（景仁宫内室）
甄嬛：给皇后娘娘请安，恭祝娘娘凤体康健、千岁金安。
皇后：起来坐吧。
甄嬛：谢娘娘。
皇后：剪秋，看茶。今儿个也不是初一十五的大日子，熹妃这样早就来了。
甄嬛：本该昨日一回宫就来的，因而今日特来向娘娘请罪。
皇后：你有孕在身，又刚从甘露寺回来，是应该好好地歇息一下，反正日后都要见的，请安也不急在一时。
甄嬛：皇后关怀，臣妾也不敢太放肆。臣妾在外，不敢忘了皇后恩德，因此日日祝祷，奉了",37,2432
26,2,0.5697607398033142,ep56,56,899,False,"（寿康宫，眉嬛入）
眉庄：太后怎么先喝上药了，应该臣妾来喂您才是啊。
太后：你来得正好，除了你孙姑姑，也就你伺候得最叫哀家舒坦。
甄嬛：臣妾拜见太后，愿太后凤体康健、福泽万年。
太后：回来了？永寿宫住得还习惯？
甄嬛：永寿宫太过奢华，臣妾很是不安。
太后：虽然奢华，皇帝要宠着你，也不算什么。这药喝得哀家舌头发苦，去倒掉也罢。
眉庄：臣妾就说太后越活越年轻，太后还不信，非说臣妾哄您，如今这怕苦不肯吃",37,2432
26,3,0.5665752291679382,ep76,76,1179,False,"（勤政殿，皇帝躺着）
皇帝：渴了，喝点水。
澜依：好，皇上也该到了服用金丹的时候了，（喂丹丸）来，让臣妾伺候您服用。来，让臣妾扶着您。
皇帝：朕记得你刚入宫的时候性子孤傲冷淡，现在是是越来越柔情似水了。
澜依：皇上难道没有听说过“温柔刀，刀刀割人性命”吗？
甄嬛（入）：皇上万福金安。
（澜依使个眼色，出）
甄嬛：皇上气色倒好多了。
皇帝：夏刈呢？
甄嬛：药熬好了，皇上怎么先喝参汤了？
皇帝：夏刈。",37,2432
27,1,0.6291025280952454,ep76,76,1182,False,（叶澜依割腕自尽）,42,1149
27,2,0.5290652513504028,ep56,56,895,False,"（御花园）
槿汐：娘娘若是喜欢这合欢花，不妨多摘一些回去纳入香囊里。
甄嬛：留得住一时也留不住一世，即便做成香囊，到底还是要枯萎的，不如随它去吧。
澜依：熹妃金安。
甄嬛：这位妹妹本宫从未见过？
澜依：嫔妾是贵人叶氏，因这两日抱病，未曾与娘娘相见。
甄嬛：那你如何知晓本宫是熹妃？
澜依：娘娘这样大的阵仗进宫，有谁不知道？
甄嬛：听闻妹妹今日身子不适，怎么不在宫里好好歇息？等下日头毒了越发要难受了。",42,1149
27,3,0.521669864654541,ep76,76,1179,False,"（勤政殿，皇帝躺着）
皇帝：渴了，喝点水。
澜依：好，皇上也该到了服用金丹的时候了，（喂丹丸）来，让臣妾伺候您服用。来，让臣妾扶着您。
皇帝：朕记得你刚入宫的时候性子孤傲冷淡，现在是是越来越柔情似水了。
澜依：皇上难道没有听说过“温柔刀，刀刀割人性命”吗？
甄嬛（入）：皇上万福金安。
（澜依使个眼色，出）
甄嬛：皇上气色倒好多了。
皇帝：夏刈呢？
甄嬛：药熬好了，皇上怎么先喝参汤了？
皇帝：夏刈。",42,1149
28,1,0.4071311950683594,ep76,76,1182,False,（叶澜依割腕自尽）,23,105
28,2,0.3972327411174774,ep76,76,1179,False,"（勤政殿，皇帝躺着）
皇帝：渴了，喝点水。
澜依：好，皇上也该到了服用金丹的时候了，（喂丹丸）来，让臣妾伺候您服用。来，让臣妾扶着您。
皇帝：朕记得你刚入宫的时候性子孤傲冷淡，现在是是越来越柔情似水了。
澜依：皇上难道没有听说过“温柔刀，刀刀割人性命”吗？
甄嬛（入）：皇上万福金安。
（澜依使个眼色，出）
甄嬛：皇上气色倒好多了。
皇帝：夏刈呢？
甄嬛：药熬好了，皇上怎么先喝参汤了？
皇帝：夏刈。",23,105
28,3,0.37540462613105774,ep56,56,894,False,"（景仁宫内室）
甄嬛：给皇后娘娘请安，恭祝娘娘凤体康健、千岁金安。
皇后：起来坐吧。
甄嬛：谢娘娘。
皇后：剪秋，看茶。今儿个也不是初一十五的大日子，熹妃这样早就来了。
甄嬛：本该昨日一回宫就来的，因而今日特来向娘娘请罪。
皇后：你有孕在身，又刚从甘露寺回来，是应该好好地歇息一下，反正日后都要见的，请安也不急在一时。
甄嬛：皇后关怀，臣妾也不敢太放肆。臣妾在外，不敢忘了皇后恩德，因此日日祝祷，奉了",23,105
29,1,0.40037664771080017,ep76,76,1182,False,（叶澜依割腕自尽）,60,62
29,2,0.36153772473335266,ep56,56,894,False,"（景仁宫内室）
甄嬛：给皇后娘娘请安，恭祝娘娘凤体康健、千岁金安。
皇后：起来坐吧。
甄嬛：谢娘娘。
皇后：剪秋，看茶。今儿个也不是初一十五的大日子，熹妃这样早就来了。
甄嬛：本该昨日一回宫就来的，因而今日特来向娘娘请罪。
皇后：你有孕在身，又刚从甘露寺回来，是应该好好地歇息一下，反正日后都要见的，请安也不急在一时。
甄嬛：皇后关怀，臣妾也不敢太放肆。臣妾在外，不敢忘了皇后恩德，因此日日祝祷，奉了",60,62
29,3,0.3496333360671997,ep56,56,897,False,"（街）
胧月：额娘，我们这是要去哪儿啊？
敬妃：胧月，额娘带你去给熹娘娘请安。
胧月：就是那天穿得特漂亮的那个吗？
敬妃：胧月真聪明，就是她。
胧月：她也是胧月的额娘吗？为什么胧月以前都没有见过她？
敬妃：胧月，以前熹娘娘不在宫里啊。胧月，以后你要多去熹娘娘那里玩，熹娘娘可喜欢胧月了。
胧月：熹娘娘生得漂亮，胧月也喜欢，可是我还是最喜欢额娘。",60,62
30,1,0.3604773283004761,ep76,76,1182,False,（叶澜依割腕自尽）,31,16
30,2,0.31506243348121643,ep56,56,894,False,"（景仁宫内室）
甄嬛：给皇后娘娘请安，恭祝娘娘凤体康健、千岁金安。
皇后：起来坐吧。
甄嬛：谢娘娘。
皇后：剪秋，看茶。今儿个也不是初一十五的大日子，熹妃这样早就来了。
甄嬛：本该昨日一回宫就来的，因而今日特来向娘娘请罪。
皇后：你有孕在身，又刚从甘露寺回来，是应该好好地歇息一下，反正日后都要见的，请安也不急在一时。
甄嬛：皇后关怀，臣妾也不敢太放肆。臣妾在外，不敢忘了皇后恩德，因此日日祝祷，奉了",31,16
30,3,0.31008246541023254,ep56,56,897,False,"（街）
胧月：额娘，我们这是要去哪儿啊？
敬妃：胧月，额娘带你去给熹娘娘请安。
胧月：就是那天穿得特漂亮的那个吗？
敬妃：胧月真聪明，就是她。
胧月：她也是胧月的额娘吗？为什么胧月以前都没有见过她？
敬妃：胧月，以前熹娘娘不在宫里啊。胧月，以后你要多去熹娘娘那里玩，熹娘娘可喜欢胧月了。
胧月：熹娘娘生得漂亮，胧月也喜欢，可是我还是最喜欢额娘。",31,16
31,1,0.6187911629676819,ep63,63,996,True,"（景仁宫）
皇帝：祺贵人，瓜尔佳氏危言耸听，扰乱宫闱，打入冷宫。康常在、贞嫔，捕风捉影，以讹传讹，罚俸六个月。其余的交给熹贵妃处置。
甄嬛：槿汐，你带玢儿、莫言回去。静白、斐雯，杖毙。
斐雯：熹贵妃饶命，皇上饶命！（被拖出）
甄嬛：自本宫回宫以来，关于本宫和双生子的流言已经太多，从前不加责备，是觉得流言无稽，谁知一再宽纵反而酿成今日大祸！",30,3160
31,2,0.616007924079895,ep56,56,894,False,"（景仁宫内室）
甄嬛：给皇后娘娘请安，恭祝娘娘凤体康健、千岁金安。
皇后：起来坐吧。
甄嬛：谢娘娘。
皇后：剪秋，看茶。今儿个也不是初一十五的大日子，熹妃这样早就来了。
甄嬛：本该昨日一回宫就来的，因而今日特来向娘娘请罪。
皇后：你有孕在身，又刚从甘露寺回来，是应该好好地歇息一下，反正日后都要见的，请安也不急在一时。
甄嬛：皇后关怀，臣妾也不敢太放肆。臣妾在外，不敢忘了皇后恩德，因此日日祝祷，奉了",30,3160
31,3,0.608559787273407,ep56,56,899,False,"（寿康宫，眉嬛入）
眉庄：太后怎么先喝上药了，应该臣妾来喂您才是啊。
太后：你来得正好，除了你孙姑姑，也就你伺候得最叫哀家舒坦。
甄嬛：臣妾拜见太后，愿太后凤体康健、福泽万年。
太后：回来了？永寿宫住得还习惯？
甄嬛：永寿宫太过奢华，臣妾很是不安。
太后：虽然奢华，皇帝要宠着你，也不算什么。这药喝得哀家舌头发苦，去倒掉也罢。
眉庄：臣妾就说太后越活越年轻，太后还不信，非说臣妾哄您，如今这怕苦不肯吃",30,3160
32,1,0.497014582157135,ep56,56,894,False,"（景仁宫内室）
甄嬛：给皇后娘娘请安，恭祝娘娘凤体康健、千岁金安。
皇后：起来坐吧。
甄嬛：谢娘娘。
皇后：剪秋，看茶。今儿个也不是初一十五的大日子，熹妃这样早就来了。
甄嬛：本该昨日一回宫就来的，因而今日特来向娘娘请罪。
皇后：你有孕在身，又刚从甘露寺回来，是应该好好地歇息一下，反正日后都要见的，请安也不急在一时。
甄嬛：皇后关怀，臣妾也不敢太放肆。臣妾在外，不敢忘了皇后恩德，因此日日祝祷，奉了",33,1464
32,2,0.4955505132675171,ep56,56,896,False,"（永寿宫）
槿汐：奴婢让小厨房进了一碗安胎定神的桑寄生杜仲贝母汤，您尝尝。
甄嬛：这汤不错，同样是安胎定神，可比那些苦得倒胃的安胎药强多了。
浣碧：小主，惠嫔娘娘来了。
甄嬛：快请她进来。
眉庄（入）：我在门口可都听见了，如今有了身孕，口味愈发刁钻了。
甄嬛：我正想着你，你就来了。快去拿眉姐姐爱吃的枣泥山药糕来，茶要碧螺春，快去。
眉庄：你惦记着我爱吃枣泥山药糕，我可是记着你有了身孕不爱吃太腻的，",33,1464
32,3,0.4945980906486511,ep76,76,1179,False,"（勤政殿，皇帝躺着）
皇帝：渴了，喝点水。
澜依：好，皇上也该到了服用金丹的时候了，（喂丹丸）来，让臣妾伺候您服用。来，让臣妾扶着您。
皇帝：朕记得你刚入宫的时候性子孤傲冷淡，现在是是越来越柔情似水了。
澜依：皇上难道没有听说过“温柔刀，刀刀割人性命”吗？
甄嬛（入）：皇上万福金安。
（澜依使个眼色，出）
甄嬛：皇上气色倒好多了。
皇帝：夏刈呢？
甄嬛：药熬好了，皇上怎么先喝参汤了？
皇帝：夏刈。",33,1464
33,1,0.6802423000335693,ep56,56,892,False,"（永寿宫）
皇帝：朕知道你喜欢赏莲，便叫人挪了这几十缸莲花摆在永寿宫前，方便你赏玩。
甄嬛：皇上有心。
皇帝：朕叫他们重修永寿宫的时候，嘱咐他们涂制椒墙，昔日椒房贵宠，今又在矣。
苏培盛：这些年论谁再得宠，皇上也没再赐过椒房恩典哪。
甄嬛：皇上厚爱，臣妾不敢承受。
皇帝：去看看你的寝殿如何。苏培盛，整修永寿宫这事办得不错，回头朕要褒奖内务府的督办官员。
苏培盛：是，皇上。
甄嬛：皇上，永寿宫如此奢",20,381
33,2,0.669303297996521,ep56,56,894,False,"（景仁宫内室）
甄嬛：给皇后娘娘请安，恭祝娘娘凤体康健、千岁金安。
皇后：起来坐吧。
甄嬛：谢娘娘。
皇后：剪秋，看茶。今儿个也不是初一十五的大日子，熹妃这样早就来了。
甄嬛：本该昨日一回宫就来的，因而今日特来向娘娘请罪。
皇后：你有孕在身，又刚从甘露寺回来，是应该好好地歇息一下，反正日后都要见的，请安也不急在一时。
甄嬛：皇后关怀，臣妾也不敢太放肆。臣妾在外，不敢忘了皇后恩德，因此日日祝祷，奉了",20,381
33,3,0.6459059119224548,ep56,56,899,False,"（寿康宫，眉嬛入）
眉庄：太后怎么先喝上药了，应该臣妾来喂您才是啊。
太后：你来得正好，除了你孙姑姑，也就你伺候得最叫哀家舒坦。
甄嬛：臣妾拜见太后，愿太后凤体康健、福泽万年。
太后：回来了？永寿宫住得还习惯？
甄嬛：永寿宫太过奢华，臣妾很是不安。
太后：虽然奢华，皇帝要宠着你，也不算什么。这药喝得哀家舌头发苦，去倒掉也罢。
眉庄：臣妾就说太后越活越年轻，太后还不信，非说臣妾哄您，如今这怕苦不肯吃",20,381
34,1,0.5355867147445679,ep56,56,894,False,"（景仁宫内室）
甄嬛：给皇后娘娘请安，恭祝娘娘凤体康健、千岁金安。
皇后：起来坐吧。
甄嬛：谢娘娘。
皇后：剪秋，看茶。今儿个也不是初一十五的大日子，熹妃这样早就来了。
甄嬛：本该昨日一回宫就来的，因而今日特来向娘娘请罪。
皇后：你有孕在身，又刚从甘露寺回来，是应该好好地歇息一下，反正日后都要见的，请安也不急在一时。
甄嬛：皇后关怀，臣妾也不敢太放肆。臣妾在外，不敢忘了皇后恩德，因此日日祝祷，奉了",32,955
34,2,0.5232492685317993,ep76,76,1179,False,"（勤政殿，皇帝躺着）
皇帝：渴了，喝点水。
澜依：好，皇上也该到了服用金丹的时候了，（喂丹丸）来，让臣妾伺候您服用。来，让臣妾扶着您。
皇帝：朕记得你刚入宫的时候性子孤傲冷淡，现在是是越来越柔情似水了。
澜依：皇上难道没有听说过“温柔刀，刀刀割人性命”吗？
甄嬛（入）：皇上万福金安。
（澜依使个眼色，出）
甄嬛：皇上气色倒好多了。
皇帝：夏刈呢？
甄嬛：药熬好了，皇上怎么先喝参汤了？
皇帝：夏刈。",32,955
34,3,0.5161945223808289,ep63,63,996,True,"（景仁宫）
甄嬛：斐雯，你在宫里这些日子，本宫倒没瞧出你有这份心胸。
斐雯：奴婢伺候娘娘，有什么心胸都牵挂在娘娘身上，但是奴婢在宫里当差，只能对皇上一人尽忠，若有得罪还请娘娘恕罪。
甄嬛：你对皇上尽忠也算得罪本宫的话，岂非要置本宫于不忠不义之地了？容臣妾问她几句话。斐雯，无论今日之事结局如何，你都不能再回永寿宫再伺候本宫了。
斐雯：只要是在宫里伺候，无论服侍哪位小主，奴婢都会赴汤蹈火在所不辞。
甄",32,955
35,1,0.4738077223300934,ep76,76,1179,False,"（勤政殿，皇帝躺着）
皇帝：渴了，喝点水。
澜依：好，皇上也该到了服用金丹的时候了，（喂丹丸）来，让臣妾伺候您服用。来，让臣妾扶着您。
皇帝：朕记得你刚入宫的时候性子孤傲冷淡，现在是是越来越柔情似水了。
澜依：皇上难道没有听说过“温柔刀，刀刀割人性命”吗？
甄嬛（入）：皇上万福金安。
（澜依使个眼色，出）
甄嬛：皇上气色倒好多了。
皇帝：夏刈呢？
甄嬛：药熬好了，皇上怎么先喝参汤了？
皇帝：夏刈。",36,3441
35,2,0.46422117948532104,ep56,56,894,False,"（景仁宫内室）
甄嬛：给皇后娘娘请安，恭祝娘娘凤体康健、千岁金安。
皇后：起来坐吧。
甄嬛：谢娘娘。
皇后：剪秋，看茶。今儿个也不是初一十五的大日子，熹妃这样早就来了。
甄嬛：本该昨日一回宫就来的，因而今日特来向娘娘请罪。
皇后：你有孕在身，又刚从甘露寺回来，是应该好好地歇息一下，反正日后都要见的，请安也不急在一时。
甄嬛：皇后关怀，臣妾也不敢太放肆。臣妾在外，不敢忘了皇后恩德，因此日日祝祷，奉了",36,3441
35,3,0.4591931998729706,ep56,56,892,False,"（永寿宫）
皇帝：朕知道你喜欢赏莲，便叫人挪了这几十缸莲花摆在永寿宫前，方便你赏玩。
甄嬛：皇上有心。
皇帝：朕叫他们重修永寿宫的时候，嘱咐他们涂制椒墙，昔日椒房贵宠，今又在矣。
苏培盛：这些年论谁再得宠，皇上也没再赐过椒房恩典哪。
甄嬛：皇上厚爱，臣妾不敢承受。
皇帝：去看看你的寝殿如何。苏培盛，整修永寿宫这事办得不错，回头朕要褒奖内务府的督办官员。
苏培盛：是，皇上。
甄嬛：皇上，永寿宫如此奢",36,3441
36,1,0.5297880172729492,ep56,56,894,False,"（景仁宫内室）
甄嬛：给皇后娘娘请安，恭祝娘娘凤体康健、千岁金安。
皇后：起来坐吧。
甄嬛：谢娘娘。
皇后：剪秋，看茶。今儿个也不是初一十五的大日子，熹妃这样早就来了。
甄嬛：本该昨日一回宫就来的，因而今日特来向娘娘请罪。
皇后：你有孕在身，又刚从甘露寺回来，是应该好好地歇息一下，反正日后都要见的，请安也不急在一时。
甄嬛：皇后关怀，臣妾也不敢太放肆。臣妾在外，不敢忘了皇后恩德，因此日日祝祷，奉了",25,1213
36,2,0.5064420104026794,ep63,63,996,True,"（景仁宫）
甄嬛：斐雯，你在宫里这些日子，本宫倒没瞧出你有这份心胸。
斐雯：奴婢伺候娘娘，有什么心胸都牵挂在娘娘身上，但是奴婢在宫里当差，只能对皇上一人尽忠，若有得罪还请娘娘恕罪。
甄嬛：你对皇上尽忠也算得罪本宫的话，岂非要置本宫于不忠不义之地了？容臣妾问她几句话。斐雯，无论今日之事结局如何，你都不能再回永寿宫再伺候本宫了。
斐雯：只要是在宫里伺候，无论服侍哪位小主，奴婢都会赴汤蹈火在所不辞。
甄",25,1213
36,3,0.5035732984542847,ep56,56,897,False,"（街）
胧月：额娘，我们这是要去哪儿啊？
敬妃：胧月，额娘带你去给熹娘娘请安。
胧月：就是那天穿得特漂亮的那个吗？
敬妃：胧月真聪明，就是她。
胧月：她也是胧月的额娘吗？为什么胧月以前都没有见过她？
敬妃：胧月，以前熹娘娘不在宫里啊。胧月，以后你要多去熹娘娘那里玩，熹娘娘可喜欢胧月了。
胧月：熹娘娘生得漂亮，胧月也喜欢，可是我还是最喜欢额娘。",25,1213
37,1,0.4859922230243683,ep76,76,1182,False,（叶澜依割腕自尽）,24,185
37,2,0.4410640299320221,ep56,56,894,False,"（景仁宫内室）
甄嬛：给皇后娘娘请安，恭祝娘娘凤体康健、千岁金安。
皇后：起来坐吧。
甄嬛：谢娘娘。
皇后：剪秋，看茶。今儿个也不是初一十五的大日子，熹妃这样早就来了。
甄嬛：本该昨日一回宫就来的，因而今日特来向娘娘请罪。
皇后：你有孕在身，又刚从甘露寺回来，是应该好好地歇息一下，反正日后都要见的，请安也不急在一时。
甄嬛：皇后关怀，臣妾也不敢太放肆。臣妾在外，不敢忘了皇后恩德，因此日日祝祷，奉了",24,185
37,3,0.43853673338890076,ep56,56,897,False,"（街）
胧月：额娘，我们这是要去哪儿啊？
敬妃：胧月，额娘带你去给熹娘娘请安。
胧月：就是那天穿得特漂亮的那个吗？
敬妃：胧月真聪明，就是她。
胧月：她也是胧月的额娘吗？为什么胧月以前都没有见过她？
敬妃：胧月，以前熹娘娘不在宫里啊。胧月，以后你要多去熹娘娘那里玩，熹娘娘可喜欢胧月了。
胧月：熹娘娘生得漂亮，胧月也喜欢，可是我还是最喜欢额娘。",24,185
38,1,0.5510223507881165,ep56,56,894,False,"（景仁宫内室）
甄嬛：给皇后娘娘请安，恭祝娘娘凤体康健、千岁金安。
皇后：起来坐吧。
甄嬛：谢娘娘。
皇后：剪秋，看茶。今儿个也不是初一十五的大日子，熹妃这样早就来了。
甄嬛：本该昨日一回宫就来的，因而今日特来向娘娘请罪。
皇后：你有孕在身，又刚从甘露寺回来，是应该好好地歇息一下，反正日后都要见的，请安也不急在一时。
甄嬛：皇后关怀，臣妾也不敢太放肆。臣妾在外，不敢忘了皇后恩德，因此日日祝祷，奉了",21,292
38,2,0.5197075009346008,ep56,56,899,False,"（寿康宫，眉嬛入）
眉庄：太后怎么先喝上药了，应该臣妾来喂您才是啊。
太后：你来得正好，除了你孙姑姑，也就你伺候得最叫哀家舒坦。
甄嬛：臣妾拜见太后，愿太后凤体康健、福泽万年。
太后：回来了？永寿宫住得还习惯？
甄嬛：永寿宫太过奢华，臣妾很是不安。
太后：虽然奢华，皇帝要宠着你，也不算什么。这药喝得哀家舌头发苦，去倒掉也罢。
眉庄：臣妾就说太后越活越年轻，太后还不信，非说臣妾哄您，如今这怕苦不肯吃",21,292
38,3,0.5135953426361084,ep76,76,1179,False,"（勤政殿，皇帝躺着）
皇帝：渴了，喝点水。
澜依：好，皇上也该到了服用金丹的时候了，（喂丹丸）来，让臣妾伺候您服用。来，让臣妾扶着您。
皇帝：朕记得你刚入宫的时候性子孤傲冷淡，现在是是越来越柔情似水了。
澜依：皇上难道没有听说过“温柔刀，刀刀割人性命”吗？
甄嬛（入）：皇上万福金安。
（澜依使个眼色，出）
甄嬛：皇上气色倒好多了。
皇帝：夏刈呢？
甄嬛：药熬好了，皇上怎么先喝参汤了？
皇帝：夏刈。",21,292
39,1,0.5532816052436829,ep56,56,894,False,"（景仁宫内室）
甄嬛：给皇后娘娘请安，恭祝娘娘凤体康健、千岁金安。
皇后：起来坐吧。
甄嬛：谢娘娘。
皇后：剪秋，看茶。今儿个也不是初一十五的大日子，熹妃这样早就来了。
甄嬛：本该昨日一回宫就来的，因而今日特来向娘娘请罪。
皇后：你有孕在身，又刚从甘露寺回来，是应该好好地歇息一下，反正日后都要见的，请安也不急在一时。
甄嬛：皇后关怀，臣妾也不敢太放肆。臣妾在外，不敢忘了皇后恩德，因此日日祝祷，奉了",66,718
39,2,0.5365551114082336,ep76,76,1184,False,"（景仁宫）
众：给皇太后请安。
甄嬛：景仁宫一切如旧，似乎还是昔年景象。
小允子：时移世易，人事早已不同。
甄嬛：皇后还似从前一样盯着那些鸽子看吗？
丫鬟：早些年是，先帝驾崩后皇后日夜痛哭，眼睛不大好了，便不再成天望着这些乱飞的鸽子。依太后娘娘的吩咐，这些鸽子老了就再养，总是要活蹦乱跳爱飞的那些。
小允子：乌拉那拉氏怎么不来迎接太后？
甄嬛：她是皇后，我是妃妾，自然该是我去拜见她。人在哪儿？
（甄",66,718
39,3,0.5266522169113159,ep63,63,1002,False,"（碎玉轩）
眉庄：景仁宫到现在都没有消息，温大人也还没有回来，采月，你快出去打听打听，看是怎么回事啊？
宝鹊（入）：娘娘，不好了，景仁宫乱成一团，熹贵妃受了好大的委屈，安嫔娘娘让奴婢来给您报个信。
眉庄：你说什么，熹贵妃受了好大的委屈？受了什么委屈？
宝鹊：还不是祺贵人闹起来，说六阿哥是贵妃和温太医生的。（眉庄气急）奴婢先告退。
眉庄：准备好轿辇，立刻去景仁宫。
采月：小主断不能去，如果真按宝鹊所",66,718
40,1,0.5253746509552002,ep76,76,1182,False,（叶澜依割腕自尽）,76,1343
40,2,0.5031566619873047,ep56,56,897,False,"（街）
胧月：额娘，我们这是要去哪儿啊？
敬妃：胧月，额娘带你去给熹娘娘请安。
胧月：就是那天穿得特漂亮的那个吗？
敬妃：胧月真聪明，就是她。
胧月：她也是胧月的额娘吗？为什么胧月以前都没有见过她？
敬妃：胧月，以前熹娘娘不在宫里啊。胧月，以后你要多去熹娘娘那里玩，熹娘娘可喜欢胧月了。
胧月：熹娘娘生得漂亮，胧月也喜欢，可是我还是最喜欢额娘。",76,1343
40,3,0.4932610094547272,ep56,56,896,False,"（永寿宫）
槿汐：奴婢让小厨房进了一碗安胎定神的桑寄生杜仲贝母汤，您尝尝。
甄嬛：这汤不错，同样是安胎定神，可比那些苦得倒胃的安胎药强多了。
浣碧：小主，惠嫔娘娘来了。
甄嬛：快请她进来。
眉庄（入）：我在门口可都听见了，如今有了身孕，口味愈发刁钻了。
甄嬛：我正想着你，你就来了。快去拿眉姐姐爱吃的枣泥山药糕来，茶要碧螺春，快去。
眉庄：你惦记着我爱吃枣泥山药糕，我可是记着你有了身孕不爱吃太腻的，",76,1343
41,1,0.47499385476112366,ep76,76,1182,False,（叶澜依割腕自尽）,84,699
41,2,0.41600847244262695,ep76,76,1179,False,"（勤政殿，皇帝躺着）
皇帝：渴了，喝点水。
澜依：好，皇上也该到了服用金丹的时候了，（喂丹丸）来，让臣妾伺候您服用。来，让臣妾扶着您。
皇帝：朕记得你刚入宫的时候性子孤傲冷淡，现在是是越来越柔情似水了。
澜依：皇上难道没有听说过“温柔刀，刀刀割人性命”吗？
甄嬛（入）：皇上万福金安。
（澜依使个眼色，出）
甄嬛：皇上气色倒好多了。
皇帝：夏刈呢？
甄嬛：药熬好了，皇上怎么先喝参汤了？
皇帝：夏刈。",84,699
41,3,0.4074321687221527,ep56,56,894,False,"（景仁宫内室）
甄嬛：给皇后娘娘请安，恭祝娘娘凤体康健、千岁金安。
皇后：起来坐吧。
甄嬛：谢娘娘。
皇后：剪秋，看茶。今儿个也不是初一十五的大日子，熹妃这样早就来了。
甄嬛：本该昨日一回宫就来的，因而今日特来向娘娘请罪。
皇后：你有孕在身，又刚从甘露寺回来，是应该好好地歇息一下，反正日后都要见的，请安也不急在一时。
甄嬛：皇后关怀，臣妾也不敢太放肆。臣妾在外，不敢忘了皇后恩德，因此日日祝祷，奉了",84,699
42,1,0.42930126190185547,ep76,76,1182,False,（叶澜依割腕自尽）,46,790
42,2,0.3823787271976471,ep76,76,1179,False,"（勤政殿，皇帝躺着）
皇帝：渴了，喝点水。
澜依：好，皇上也该到了服用金丹的时候了，（喂丹丸）来，让臣妾伺候您服用。来，让臣妾扶着您。
皇帝：朕记得你刚入宫的时候性子孤傲冷淡，现在是是越来越柔情似水了。
澜依：皇上难道没有听说过“温柔刀，刀刀割人性命”吗？
甄嬛（入）：皇上万福金安。
（澜依使个眼色，出）
甄嬛：皇上气色倒好多了。
皇帝：夏刈呢？
甄嬛：药熬好了，皇上怎么先喝参汤了？
皇帝：夏刈。",46,790
42,3,0.3813999593257904,ep56,56,894,False,"（景仁宫内室）
甄嬛：给皇后娘娘请安，恭祝娘娘凤体康健、千岁金安。
皇后：起来坐吧。
甄嬛：谢娘娘。
皇后：剪秋，看茶。今儿个也不是初一十五的大日子，熹妃这样早就来了。
甄嬛：本该昨日一回宫就来的，因而今日特来向娘娘请罪。
皇后：你有孕在身，又刚从甘露寺回来，是应该好好地歇息一下，反正日后都要见的，请安也不急在一时。
甄嬛：皇后关怀，臣妾也不敢太放肆。臣妾在外，不敢忘了皇后恩德，因此日日祝祷，奉了",46,790
43,1,0.37907907366752625,ep76,76,1182,False,（叶澜依割腕自尽）,50,152
43,2,0.35743290185928345,ep63,63,1001,False,"（玉娆赶路撞上允禧）
允禧：这样匆匆忙忙的出什么事了？
玉娆：别拦着我，姐姐出事了，我要去救人，走。
允禧：宫里怎么了？",50,152
43,3,0.342768132686615,ep56,56,894,False,"（景仁宫内室）
甄嬛：给皇后娘娘请安，恭祝娘娘凤体康健、千岁金安。
皇后：起来坐吧。
甄嬛：谢娘娘。
皇后：剪秋，看茶。今儿个也不是初一十五的大日子，熹妃这样早就来了。
甄嬛：本该昨日一回宫就来的，因而今日特来向娘娘请罪。
皇后：你有孕在身，又刚从甘露寺回来，是应该好好地歇息一下，反正日后都要见的，请安也不急在一时。
甄嬛：皇后关怀，臣妾也不敢太放肆。臣妾在外，不敢忘了皇后恩德，因此日日祝祷，奉了",50,152
44,1,0.666033923625946,ep63,63,1000,False,"（永寿宫）
玉娆：碧姐姐，十七爷的病可好些啊？
浣碧：好多了。小主呢？怎么这么久都没有见到她？
玉娆：她刚刚被江公公带走了，现在还没回来呢。
阿绿（急入）：浣碧姑娘在就好了，宁贵人让我赶紧来告诉一声，祺贵人她们请了甘露寺的姑子来指证娘娘在宫外有奸情，（浣碧：什么？！）让姑娘看看到底有什么办法，最好也有甘露寺的人来指证那姑子说的是假话。
玉娆：姐姐怎么会有奸情呢？皇上真是糊涂。
浣碧：要找甘露寺的人",58,5926
44,2,0.6291422247886658,ep63,63,996,True,"（景仁宫）
甄嬛：斐雯，你在宫里这些日子，本宫倒没瞧出你有这份心胸。
斐雯：奴婢伺候娘娘，有什么心胸都牵挂在娘娘身上，但是奴婢在宫里当差，只能对皇上一人尽忠，若有得罪还请娘娘恕罪。
甄嬛：你对皇上尽忠也算得罪本宫的话，岂非要置本宫于不忠不义之地了？容臣妾问她几句话。斐雯，无论今日之事结局如何，你都不能再回永寿宫再伺候本宫了。
斐雯：只要是在宫里伺候，无论服侍哪位小主，奴婢都会赴汤蹈火在所不辞。
甄",58,5926
44,3,0.6192789673805237,ep56,56,894,False,"（景仁宫内室）
甄嬛：给皇后娘娘请安，恭祝娘娘凤体康健、千岁金安。
皇后：起来坐吧。
甄嬛：谢娘娘。
皇后：剪秋，看茶。今儿个也不是初一十五的大日子，熹妃这样早就来了。
甄嬛：本该昨日一回宫就来的，因而今日特来向娘娘请罪。
皇后：你有孕在身，又刚从甘露寺回来，是应该好好地歇息一下，反正日后都要见的，请安也不急在一时。
甄嬛：皇后关怀，臣妾也不敢太放肆。臣妾在外，不敢忘了皇后恩德，因此日日祝祷，奉了",58,5926
45,1,0.653550386428833,ep56,56,894,False,"（景仁宫内室）
甄嬛：给皇后娘娘请安，恭祝娘娘凤体康健、千岁金安。
皇后：起来坐吧。
甄嬛：谢娘娘。
皇后：剪秋，看茶。今儿个也不是初一十五的大日子，熹妃这样早就来了。
甄嬛：本该昨日一回宫就来的，因而今日特来向娘娘请罪。
皇后：你有孕在身，又刚从甘露寺回来，是应该好好地歇息一下，反正日后都要见的，请安也不急在一时。
甄嬛：皇后关怀，臣妾也不敢太放肆。臣妾在外，不敢忘了皇后恩德，因此日日祝祷，奉了",20,427
45,2,0.6193767189979553,ep56,56,897,False,"（街）
胧月：额娘，我们这是要去哪儿啊？
敬妃：胧月，额娘带你去给熹娘娘请安。
胧月：就是那天穿得特漂亮的那个吗？
敬妃：胧月真聪明，就是她。
胧月：她也是胧月的额娘吗？为什么胧月以前都没有见过她？
敬妃：胧月，以前熹娘娘不在宫里啊。胧月，以后你要多去熹娘娘那里玩，熹娘娘可喜欢胧月了。
胧月：熹娘娘生得漂亮，胧月也喜欢，可是我还是最喜欢额娘。",20,427
45,3,0.6065776348114014,ep76,76,1184,False,"（景仁宫）
众：给皇太后请安。
甄嬛：景仁宫一切如旧，似乎还是昔年景象。
小允子：时移世易，人事早已不同。
甄嬛：皇后还似从前一样盯着那些鸽子看吗？
丫鬟：早些年是，先帝驾崩后皇后日夜痛哭，眼睛不大好了，便不再成天望着这些乱飞的鸽子。依太后娘娘的吩咐，这些鸽子老了就再养，总是要活蹦乱跳爱飞的那些。
小允子：乌拉那拉氏怎么不来迎接太后？
甄嬛：她是皇后，我是妃妾，自然该是我去拜见她。人在哪儿？
（甄",20,427
46,1,0.5695791244506836,ep63,63,996,True,"（景仁宫）
甄嬛：斐雯，你在宫里这些日子，本宫倒没瞧出你有这份心胸。
斐雯：奴婢伺候娘娘，有什么心胸都牵挂在娘娘身上，但是奴婢在宫里当差，只能对皇上一人尽忠，若有得罪还请娘娘恕罪。
甄嬛：你对皇上尽忠也算得罪本宫的话，岂非要置本宫于不忠不义之地了？容臣妾问她几句话。斐雯，无论今日之事结局如何，你都不能再回永寿宫再伺候本宫了。
斐雯：只要是在宫里伺候，无论服侍哪位小主，奴婢都会赴汤蹈火在所不辞。
甄",33,271
46,2,0.5629497766494751,ep56,56,894,False,"（景仁宫内室）
甄嬛：给皇后娘娘请安，恭祝娘娘凤体康健、千岁金安。
皇后：起来坐吧。
甄嬛：谢娘娘。
皇后：剪秋，看茶。今儿个也不是初一十五的大日子，熹妃这样早就来了。
甄嬛：本该昨日一回宫就来的，因而今日特来向娘娘请罪。
皇后：你有孕在身，又刚从甘露寺回来，是应该好好地歇息一下，反正日后都要见的，请安也不急在一时。
甄嬛：皇后关怀，臣妾也不敢太放肆。臣妾在外，不敢忘了皇后恩德，因此日日祝祷，奉了",33,271
46,3,0.5462048649787903,ep76,76,1179,False,"（勤政殿，皇帝躺着）
皇帝：渴了，喝点水。
澜依：好，皇上也该到了服用金丹的时候了，（喂丹丸）来，让臣妾伺候您服用。来，让臣妾扶着您。
皇帝：朕记得你刚入宫的时候性子孤傲冷淡，现在是是越来越柔情似水了。
澜依：皇上难道没有听说过“温柔刀，刀刀割人性命”吗？
甄嬛（入）：皇上万福金安。
（澜依使个眼色，出）
甄嬛：皇上气色倒好多了。
皇帝：夏刈呢？
甄嬛：药熬好了，皇上怎么先喝参汤了？
皇帝：夏刈。",33,271
47,1,0.4654986262321472,ep76,76,1182,False,（叶澜依割腕自尽）,41,450
47,2,0.4123561978340149,ep56,56,897,False,"（街）
胧月：额娘，我们这是要去哪儿啊？
敬妃：胧月，额娘带你去给熹娘娘请安。
胧月：就是那天穿得特漂亮的那个吗？
敬妃：胧月真聪明，就是她。
胧月：她也是胧月的额娘吗？为什么胧月以前都没有见过她？
敬妃：胧月，以前熹娘娘不在宫里啊。胧月，以后你要多去熹娘娘那里玩，熹娘娘可喜欢胧月了。
胧月：熹娘娘生得漂亮，胧月也喜欢，可是我还是最喜欢额娘。",41,450
47,3,0.41230836510658264,ep56,56,894,False,"（景仁宫内室）
甄嬛：给皇后娘娘请安，恭祝娘娘凤体康健、千岁金安。
皇后：起来坐吧。
甄嬛：谢娘娘。
皇后：剪秋，看茶。今儿个也不是初一十五的大日子，熹妃这样早就来了。
甄嬛：本该昨日一回宫就来的，因而今日特来向娘娘请罪。
皇后：你有孕在身，又刚从甘露寺回来，是应该好好地歇息一下，反正日后都要见的，请安也不急在一时。
甄嬛：皇后关怀，臣妾也不敢太放肆。臣妾在外，不敢忘了皇后恩德，因此日日祝祷，奉了",41,450
48,1,0.4922058880329132,ep56,56,897,False,"（街）
胧月：额娘，我们这是要去哪儿啊？
敬妃：胧月，额娘带你去给熹娘娘请安。
胧月：就是那天穿得特漂亮的那个吗？
敬妃：胧月真聪明，就是她。
胧月：她也是胧月的额娘吗？为什么胧月以前都没有见过她？
敬妃：胧月，以前熹娘娘不在宫里啊。胧月，以后你要多去熹娘娘那里玩，熹娘娘可喜欢胧月了。
胧月：熹娘娘生得漂亮，胧月也喜欢，可是我还是最喜欢额娘。",50,2956
48,2,0.48520660400390625,ep56,56,898,False,"（永寿宫）
甄嬛：姐姐的绣功是越发好了，我的孩子要赖着姐姐做姨娘，你还不多做几件肚兜？
眉庄：这些年给胧月做得还少吗？差不多都是我和敬妃亲自动手，你说你要是生上一辈子的孩子，那我岂不是要给你做一辈子的衣裳了？你这算盘也打得真好。
槿汐：娘娘，敬妃带着胧月公主来了。
甄嬛：快请进来。
敬妃：这里真是凉爽啊，皇上让人用三个月修的永寿宫果然甚好。胧月快点叫。
胧月：给熹娘娘请安。
甄嬛：昨日人多不好言谢",50,2956
48,3,0.47526752948760986,ep76,76,1182,False,（叶澜依割腕自尽）,50,2956
49,1,0.5146051049232483,ep76,76,1179,False,"（勤政殿，皇帝躺着）
皇帝：渴了，喝点水。
澜依：好，皇上也该到了服用金丹的时候了，（喂丹丸）来，让臣妾伺候您服用。来，让臣妾扶着您。
皇帝：朕记得你刚入宫的时候性子孤傲冷淡，现在是是越来越柔情似水了。
澜依：皇上难道没有听说过“温柔刀，刀刀割人性命”吗？
甄嬛（入）：皇上万福金安。
（澜依使个眼色，出）
甄嬛：皇上气色倒好多了。
皇帝：夏刈呢？
甄嬛：药熬好了，皇上怎么先喝参汤了？
皇帝：夏刈。",77,1920
49,2,0.502244770526886,ep56,56,894,False,"（景仁宫内室）
甄嬛：给皇后娘娘请安，恭祝娘娘凤体康健、千岁金安。
皇后：起来坐吧。
甄嬛：谢娘娘。
皇后：剪秋，看茶。今儿个也不是初一十五的大日子，熹妃这样早就来了。
甄嬛：本该昨日一回宫就来的，因而今日特来向娘娘请罪。
皇后：你有孕在身，又刚从甘露寺回来，是应该好好地歇息一下，反正日后都要见的，请安也不急在一时。
甄嬛：皇后关怀，臣妾也不敢太放肆。臣妾在外，不敢忘了皇后恩德，因此日日祝祷，奉了",77,1920
49,3,0.489937961101532,ep56,56,899,False,"（寿康宫，眉嬛入）
眉庄：太后怎么先喝上药了，应该臣妾来喂您才是啊。
太后：你来得正好，除了你孙姑姑，也就你伺候得最叫哀家舒坦。
甄嬛：臣妾拜见太后，愿太后凤体康健、福泽万年。
太后：回来了？永寿宫住得还习惯？
甄嬛：永寿宫太过奢华，臣妾很是不安。
太后：虽然奢华，皇帝要宠着你，也不算什么。这药喝得哀家舌头发苦，去倒掉也罢。
眉庄：臣妾就说太后越活越年轻，太后还不信，非说臣妾哄您，如今这怕苦不肯吃",77,1920
50,1,0.5715104341506958,ep63,63,1002,False,"（碎玉轩）
眉庄：景仁宫到现在都没有消息，温大人也还没有回来，采月，你快出去打听打听，看是怎么回事啊？
宝鹊（入）：娘娘，不好了，景仁宫乱成一团，熹贵妃受了好大的委屈，安嫔娘娘让奴婢来给您报个信。
眉庄：你说什么，熹贵妃受了好大的委屈？受了什么委屈？
宝鹊：还不是祺贵人闹起来，说六阿哥是贵妃和温太医生的。（眉庄气急）奴婢先告退。
眉庄：准备好轿辇，立刻去景仁宫。
采月：小主断不能去，如果真按宝鹊所",76,2516
50,2,0.5707254409790039,ep63,63,996,True,"（景仁宫）
静白：贫尼甘露寺静白，见过皇上、皇后娘娘。熹贵妃安好，许久不见，不知熹贵妃还记得故人吗？
甄嬛：静白师父？能劳动大驾进宫，想必是挨的板子已经好了。
静白：熹贵妃赏的一顿板子，倒是教会了贫尼说实话。
甄嬛：但愿如此。
文鸳：静白师父有什么话赶紧回了，也不耽误师父清修。
静白：是。熹贵妃娘娘初来甘露寺时，素不理睬众人，咱们这些人也只得敬而远之了，那时宫中常有一位年长的姑姑前来探望娘娘，除此",76,2516
50,3,0.5599676966667175,ep56,56,899,False,"（寿康宫，眉嬛入）
眉庄：太后怎么先喝上药了，应该臣妾来喂您才是啊。
太后：你来得正好，除了你孙姑姑，也就你伺候得最叫哀家舒坦。
甄嬛：臣妾拜见太后，愿太后凤体康健、福泽万年。
太后：回来了？永寿宫住得还习惯？
甄嬛：永寿宫太过奢华，臣妾很是不安。
太后：虽然奢华，皇帝要宠着你，也不算什么。这药喝得哀家舌头发苦，去倒掉也罢。
眉庄：臣妾就说太后越活越年轻，太后还不信，非说臣妾哄您，如今这怕苦不肯吃",76,2516
51,1,0.6617692112922668,ep63,63,1002,False,"（碎玉轩）
眉庄：景仁宫到现在都没有消息，温大人也还没有回来，采月，你快出去打听打听，看是怎么回事啊？
宝鹊（入）：娘娘，不好了，景仁宫乱成一团，熹贵妃受了好大的委屈，安嫔娘娘让奴婢来给您报个信。
眉庄：你说什么，熹贵妃受了好大的委屈？受了什么委屈？
宝鹊：还不是祺贵人闹起来，说六阿哥是贵妃和温太医生的。（眉庄气急）奴婢先告退。
眉庄：准备好轿辇，立刻去景仁宫。
采月：小主断不能去，如果真按宝鹊所",27,7232
51,2,0.6339564323425293,ep56,56,899,False,"（寿康宫，眉嬛入）
眉庄：太后怎么先喝上药了，应该臣妾来喂您才是啊。
太后：你来得正好，除了你孙姑姑，也就你伺候得最叫哀家舒坦。
甄嬛：臣妾拜见太后，愿太后凤体康健、福泽万年。
太后：回来了？永寿宫住得还习惯？
甄嬛：永寿宫太过奢华，臣妾很是不安。
太后：虽然奢华，皇帝要宠着你，也不算什么。这药喝得哀家舌头发苦，去倒掉也罢。
眉庄：臣妾就说太后越活越年轻，太后还不信，非说臣妾哄您，如今这怕苦不肯吃",27,7232
51,3,0.6232346892356873,ep63,63,996,True,"（景仁宫）
甄嬛：斐雯，你在宫里这些日子，本宫倒没瞧出你有这份心胸。
斐雯：奴婢伺候娘娘，有什么心胸都牵挂在娘娘身上，但是奴婢在宫里当差，只能对皇上一人尽忠，若有得罪还请娘娘恕罪。
甄嬛：你对皇上尽忠也算得罪本宫的话，岂非要置本宫于不忠不义之地了？容臣妾问她几句话。斐雯，无论今日之事结局如何，你都不能再回永寿宫再伺候本宫了。
斐雯：只要是在宫里伺候，无论服侍哪位小主，奴婢都会赴汤蹈火在所不辞。
甄",27,7232
52,1,0.589545488357544,ep76,76,1179,False,"（勤政殿，皇帝躺着）
皇帝：渴了，喝点水。
澜依：好，皇上也该到了服用金丹的时候了，（喂丹丸）来，让臣妾伺候您服用。来，让臣妾扶着您。
皇帝：朕记得你刚入宫的时候性子孤傲冷淡，现在是是越来越柔情似水了。
澜依：皇上难道没有听说过“温柔刀，刀刀割人性命”吗？
甄嬛（入）：皇上万福金安。
（澜依使个眼色，出）
甄嬛：皇上气色倒好多了。
皇帝：夏刈呢？
甄嬛：药熬好了，皇上怎么先喝参汤了？
皇帝：夏刈。",29,296
52,2,0.5747833251953125,ep76,76,1181,False,"（弘历登基，百官朝拜）
弘历：朕今日登基，当行仁孝之道，尊先帝世宗遗命，追尊嫡母纯元皇后为孝敬皇太后，尊生母熹贵妃为圣母皇太后，福晋富察氏为皇后，侧福晋乌拉那拉氏为娴妃，册礼追封之事皆由礼部郑重相待。
百官：皇上仁孝，福泽万民！",29,296
52,3,0.5521971583366394,ep76,76,1186,False,"（凝晖堂）
甄嬛：一转眼秋天了，春禧殿里挪回来的合欢还是郁郁葱葱的。
槿汐：本就长在这儿，热土难离呀。
（弘曕在读书：遗我一端绮，相去万余里……）
甄嬛：许多年前，允礼或许也是如此，临风窗下，吟诵他原本应该平安闲逸的人生。
槿汐：看见六贝勒如此，太后也可以欣慰了。
甄嬛：弘曕。
弘曕：给皇额娘请安。
甄嬛：来，起来。
弘曕：皇额娘为什么哭了？
甄嬛：皇额娘也不知道。你的几位皇叔里，属你十七叔学识最",29,296
53,1,0.6068627834320068,ep76,76,1179,False,"（勤政殿，皇帝躺着）
皇帝：渴了，喝点水。
澜依：好，皇上也该到了服用金丹的时候了，（喂丹丸）来，让臣妾伺候您服用。来，让臣妾扶着您。
皇帝：朕记得你刚入宫的时候性子孤傲冷淡，现在是是越来越柔情似水了。
澜依：皇上难道没有听说过“温柔刀，刀刀割人性命”吗？
甄嬛（入）：皇上万福金安。
（澜依使个眼色，出）
甄嬛：皇上气色倒好多了。
皇帝：夏刈呢？
甄嬛：药熬好了，皇上怎么先喝参汤了？
皇帝：夏刈。",47,1208
53,2,0.569989800453186,ep56,56,894,False,"（景仁宫内室）
甄嬛：给皇后娘娘请安，恭祝娘娘凤体康健、千岁金安。
皇后：起来坐吧。
甄嬛：谢娘娘。
皇后：剪秋，看茶。今儿个也不是初一十五的大日子，熹妃这样早就来了。
甄嬛：本该昨日一回宫就来的，因而今日特来向娘娘请罪。
皇后：你有孕在身，又刚从甘露寺回来，是应该好好地歇息一下，反正日后都要见的，请安也不急在一时。
甄嬛：皇后关怀，臣妾也不敢太放肆。臣妾在外，不敢忘了皇后恩德，因此日日祝祷，奉了",47,1208
53,3,0.5566071271896362,ep56,56,899,False,"（寿康宫，眉嬛入）
眉庄：太后怎么先喝上药了，应该臣妾来喂您才是啊。
太后：你来得正好，除了你孙姑姑，也就你伺候得最叫哀家舒坦。
甄嬛：臣妾拜见太后，愿太后凤体康健、福泽万年。
太后：回来了？永寿宫住得还习惯？
甄嬛：永寿宫太过奢华，臣妾很是不安。
太后：虽然奢华，皇帝要宠着你，也不算什么。这药喝得哀家舌头发苦，去倒掉也罢。
眉庄：臣妾就说太后越活越年轻，太后还不信，非说臣妾哄您，如今这怕苦不肯吃",47,1208
54,1,0.6444467306137085,ep76,76,1187,False,"（寿康宫）
甄嬛：这个时候皇帝怎么急着过来了？
弘历：今日慎郡王上书，说膝下唯有一女，王嗣无继，希望以果亲王之子入继。
甄嬛：元澈养在慎郡王府多年，不如就继嗣慎郡王府也好。
弘历：只是如此一来，果亲王一脉岂非无嗣？
甄嬛：皇帝意下如何？
弘历：到时候再挑好的继承果亲王后嗣就是。这几日儿子读书，有些困惑之处，想请教皇额娘。
甄嬛：你说。
弘历：儿子读《郑伯克段于鄢》，见郑国之祸皆因姜氏宠爱幼子、苛待",49,1595
54,2,0.5847912430763245,ep76,76,1186,False,"（凝晖堂）
甄嬛：一转眼秋天了，春禧殿里挪回来的合欢还是郁郁葱葱的。
槿汐：本就长在这儿，热土难离呀。
（弘曕在读书：遗我一端绮，相去万余里……）
甄嬛：许多年前，允礼或许也是如此，临风窗下，吟诵他原本应该平安闲逸的人生。
槿汐：看见六贝勒如此，太后也可以欣慰了。
甄嬛：弘曕。
弘曕：给皇额娘请安。
甄嬛：来，起来。
弘曕：皇额娘为什么哭了？
甄嬛：皇额娘也不知道。你的几位皇叔里，属你十七叔学识最",49,1595
54,3,0.5831053853034973,ep63,63,1002,False,"（碎玉轩）
眉庄：景仁宫到现在都没有消息，温大人也还没有回来，采月，你快出去打听打听，看是怎么回事啊？
宝鹊（入）：娘娘，不好了，景仁宫乱成一团，熹贵妃受了好大的委屈，安嫔娘娘让奴婢来给您报个信。
眉庄：你说什么，熹贵妃受了好大的委屈？受了什么委屈？
宝鹊：还不是祺贵人闹起来，说六阿哥是贵妃和温太医生的。（眉庄气急）奴婢先告退。
眉庄：准备好轿辇，立刻去景仁宫。
采月：小主断不能去，如果真按宝鹊所",49,1595
55,1,0.6707808971405029,ep76,76,1187,False,"（寿康宫）
甄嬛：这个时候皇帝怎么急着过来了？
弘历：今日慎郡王上书，说膝下唯有一女，王嗣无继，希望以果亲王之子入继。
甄嬛：元澈养在慎郡王府多年，不如就继嗣慎郡王府也好。
弘历：只是如此一来，果亲王一脉岂非无嗣？
甄嬛：皇帝意下如何？
弘历：到时候再挑好的继承果亲王后嗣就是。这几日儿子读书，有些困惑之处，想请教皇额娘。
甄嬛：你说。
弘历：儿子读《郑伯克段于鄢》，见郑国之祸皆因姜氏宠爱幼子、苛待",94,4828
55,2,0.6554927825927734,ep76,76,1179,False,"（勤政殿，皇帝躺着）
皇帝：渴了，喝点水。
澜依：好，皇上也该到了服用金丹的时候了，（喂丹丸）来，让臣妾伺候您服用。来，让臣妾扶着您。
皇帝：朕记得你刚入宫的时候性子孤傲冷淡，现在是是越来越柔情似水了。
澜依：皇上难道没有听说过“温柔刀，刀刀割人性命”吗？
甄嬛（入）：皇上万福金安。
（澜依使个眼色，出）
甄嬛：皇上气色倒好多了。
皇帝：夏刈呢？
甄嬛：药熬好了，皇上怎么先喝参汤了？
皇帝：夏刈。",94,4828
55,3,0.6400179266929626,ep76,76,1180,False,"（皇帝葬礼）
允禧：国不可一日无君，请熹贵妃上位。
恒亲王：熹贵妃本是有皇子之人，这储位之事岂是她说了算？
允禧：先帝在时熹贵妃掌六宫大权，位同副后，自然可说。
甄嬛：国家大事，深宫妇人怎么懂得？只是先帝在时多番提起储位之事，临终也有吩咐，本宫一直不敢妄言，今日诸位亲王都在，本宫只得据实相告。
恒亲王：你别当我不晓得，立黄口小儿为国君，怎能服众啊？
允禧：世祖六岁登基，圣祖八岁登基，天威所在，怎不",94,4828
56,1,0.5966936945915222,ep56,56,894,False,"（景仁宫内室）
甄嬛：给皇后娘娘请安，恭祝娘娘凤体康健、千岁金安。
皇后：起来坐吧。
甄嬛：谢娘娘。
皇后：剪秋，看茶。今儿个也不是初一十五的大日子，熹妃这样早就来了。
甄嬛：本该昨日一回宫就来的，因而今日特来向娘娘请罪。
皇后：你有孕在身，又刚从甘露寺回来，是应该好好地歇息一下，反正日后都要见的，请安也不急在一时。
甄嬛：皇后关怀，臣妾也不敢太放肆。臣妾在外，不敢忘了皇后恩德，因此日日祝祷，奉了",187,9848
56,2,0.586487889289856,ep76,76,1179,False,"（勤政殿，皇帝躺着）
皇帝：渴了，喝点水。
澜依：好，皇上也该到了服用金丹的时候了，（喂丹丸）来，让臣妾伺候您服用。来，让臣妾扶着您。
皇帝：朕记得你刚入宫的时候性子孤傲冷淡，现在是是越来越柔情似水了。
澜依：皇上难道没有听说过“温柔刀，刀刀割人性命”吗？
甄嬛（入）：皇上万福金安。
（澜依使个眼色，出）
甄嬛：皇上气色倒好多了。
皇帝：夏刈呢？
甄嬛：药熬好了，皇上怎么先喝参汤了？
皇帝：夏刈。",187,9848
56,3,0.5761788487434387,ep76,76,1184,False,"（景仁宫）
众：给皇太后请安。
甄嬛：景仁宫一切如旧，似乎还是昔年景象。
小允子：时移世易，人事早已不同。
甄嬛：皇后还似从前一样盯着那些鸽子看吗？
丫鬟：早些年是，先帝驾崩后皇后日夜痛哭，眼睛不大好了，便不再成天望着这些乱飞的鸽子。依太后娘娘的吩咐，这些鸽子老了就再养，总是要活蹦乱跳爱飞的那些。
小允子：乌拉那拉氏怎么不来迎接太后？
甄嬛：她是皇后，我是妃妾，自然该是我去拜见她。人在哪儿？
（甄",187,9848
57,1,0.6211347579956055,ep56,56,894,False,"（景仁宫内室）
甄嬛：给皇后娘娘请安，恭祝娘娘凤体康健、千岁金安。
皇后：起来坐吧。
甄嬛：谢娘娘。
皇后：剪秋，看茶。今儿个也不是初一十五的大日子，熹妃这样早就来了。
甄嬛：本该昨日一回宫就来的，因而今日特来向娘娘请罪。
皇后：你有孕在身，又刚从甘露寺回来，是应该好好地歇息一下，反正日后都要见的，请安也不急在一时。
甄嬛：皇后关怀，臣妾也不敢太放肆。臣妾在外，不敢忘了皇后恩德，因此日日祝祷，奉了",28,1875
57,2,0.6177923679351807,ep63,63,1001,False,"（玉娆赶路撞上允禧）
允禧：这样匆匆忙忙的出什么事了？
玉娆：别拦着我，姐姐出事了，我要去救人，走。
允禧：宫里怎么了？",28,1875
57,3,0.6101621389389038,ep76,76,1179,False,"（勤政殿，皇帝躺着）
皇帝：渴了，喝点水。
澜依：好，皇上也该到了服用金丹的时候了，（喂丹丸）来，让臣妾伺候您服用。来，让臣妾扶着您。
皇帝：朕记得你刚入宫的时候性子孤傲冷淡，现在是是越来越柔情似水了。
澜依：皇上难道没有听说过“温柔刀，刀刀割人性命”吗？
甄嬛（入）：皇上万福金安。
（澜依使个眼色，出）
甄嬛：皇上气色倒好多了。
皇帝：夏刈呢？
甄嬛：药熬好了，皇上怎么先喝参汤了？
皇帝：夏刈。",28,1875
58,1,0.4859952926635742,ep76,76,1182,False,（叶澜依割腕自尽）,26,63
58,2,0.44114819169044495,ep76,76,1179,False,"（勤政殿，皇帝躺着）
皇帝：渴了，喝点水。
澜依：好，皇上也该到了服用金丹的时候了，（喂丹丸）来，让臣妾伺候您服用。来，让臣妾扶着您。
皇帝：朕记得你刚入宫的时候性子孤傲冷淡，现在是是越来越柔情似水了。
澜依：皇上难道没有听说过“温柔刀，刀刀割人性命”吗？
甄嬛（入）：皇上万福金安。
（澜依使个眼色，出）
甄嬛：皇上气色倒好多了。
皇帝：夏刈呢？
甄嬛：药熬好了，皇上怎么先喝参汤了？
皇帝：夏刈。",26,63
58,3,0.42328768968582153,ep56,56,894,False,"（景仁宫内室）
甄嬛：给皇后娘娘请安，恭祝娘娘凤体康健、千岁金安。
皇后：起来坐吧。
甄嬛：谢娘娘。
皇后：剪秋，看茶。今儿个也不是初一十五的大日子，熹妃这样早就来了。
甄嬛：本该昨日一回宫就来的，因而今日特来向娘娘请罪。
皇后：你有孕在身，又刚从甘露寺回来，是应该好好地歇息一下，反正日后都要见的，请安也不急在一时。
甄嬛：皇后关怀，臣妾也不敢太放肆。臣妾在外，不敢忘了皇后恩德，因此日日祝祷，奉了",26,63
59,1,0.5837492346763611,ep56,56,894,False,"（景仁宫内室）
甄嬛：给皇后娘娘请安，恭祝娘娘凤体康健、千岁金安。
皇后：起来坐吧。
甄嬛：谢娘娘。
皇后：剪秋，看茶。今儿个也不是初一十五的大日子，熹妃这样早就来了。
甄嬛：本该昨日一回宫就来的，因而今日特来向娘娘请罪。
皇后：你有孕在身，又刚从甘露寺回来，是应该好好地歇息一下，反正日后都要见的，请安也不急在一时。
甄嬛：皇后关怀，臣妾也不敢太放肆。臣妾在外，不敢忘了皇后恩德，因此日日祝祷，奉了",28,352
59,2,0.5343512296676636,ep56,56,899,False,"（寿康宫，眉嬛入）
眉庄：太后怎么先喝上药了，应该臣妾来喂您才是啊。
太后：你来得正好，除了你孙姑姑，也就你伺候得最叫哀家舒坦。
甄嬛：臣妾拜见太后，愿太后凤体康健、福泽万年。
太后：回来了？永寿宫住得还习惯？
甄嬛：永寿宫太过奢华，臣妾很是不安。
太后：虽然奢华，皇帝要宠着你，也不算什么。这药喝得哀家舌头发苦，去倒掉也罢。
眉庄：臣妾就说太后越活越年轻，太后还不信，非说臣妾哄您，如今这怕苦不肯吃",28,352
59,3,0.5338992476463318,ep56,56,897,False,"（街）
胧月：额娘，我们这是要去哪儿啊？
敬妃：胧月，额娘带你去给熹娘娘请安。
胧月：就是那天穿得特漂亮的那个吗？
敬妃：胧月真聪明，就是她。
胧月：她也是胧月的额娘吗？为什么胧月以前都没有见过她？
敬妃：胧月，以前熹娘娘不在宫里啊。胧月，以后你要多去熹娘娘那里玩，熹娘娘可喜欢胧月了。
胧月：熹娘娘生得漂亮，胧月也喜欢，可是我还是最喜欢额娘。",28,352
60,1,0.5913870930671692,ep56,56,894,False,"（景仁宫内室）
甄嬛：给皇后娘娘请安，恭祝娘娘凤体康健、千岁金安。
皇后：起来坐吧。
甄嬛：谢娘娘。
皇后：剪秋，看茶。今儿个也不是初一十五的大日子，熹妃这样早就来了。
甄嬛：本该昨日一回宫就来的，因而今日特来向娘娘请罪。
皇后：你有孕在身，又刚从甘露寺回来，是应该好好地歇息一下，反正日后都要见的，请安也不急在一时。
甄嬛：皇后关怀，臣妾也不敢太放肆。臣妾在外，不敢忘了皇后恩德，因此日日祝祷，奉了",26,4000
60,2,0.5761388540267944,ep76,76,1184,False,"（景仁宫）
众：给皇太后请安。
甄嬛：景仁宫一切如旧，似乎还是昔年景象。
小允子：时移世易，人事早已不同。
甄嬛：皇后还似从前一样盯着那些鸽子看吗？
丫鬟：早些年是，先帝驾崩后皇后日夜痛哭，眼睛不大好了，便不再成天望着这些乱飞的鸽子。依太后娘娘的吩咐，这些鸽子老了就再养，总是要活蹦乱跳爱飞的那些。
小允子：乌拉那拉氏怎么不来迎接太后？
甄嬛：她是皇后，我是妃妾，自然该是我去拜见她。人在哪儿？
（甄",26,4000
60,3,0.5722513198852539,ep56,56,899,False,"（寿康宫，眉嬛入）
眉庄：太后怎么先喝上药了，应该臣妾来喂您才是啊。
太后：你来得正好，除了你孙姑姑，也就你伺候得最叫哀家舒坦。
甄嬛：臣妾拜见太后，愿太后凤体康健、福泽万年。
太后：回来了？永寿宫住得还习惯？
甄嬛：永寿宫太过奢华，臣妾很是不安。
太后：虽然奢华，皇帝要宠着你，也不算什么。这药喝得哀家舌头发苦，去倒掉也罢。
眉庄：臣妾就说太后越活越年轻，太后还不信，非说臣妾哄您，如今这怕苦不肯吃",26,4000
61,1,0.48060059547424316,ep76,76,1182,False,（叶澜依割腕自尽）,26,1566
61,2,0.4477088153362274,ep76,76,1179,False,"（勤政殿，皇帝躺着）
皇帝：渴了，喝点水。
澜依：好，皇上也该到了服用金丹的时候了，（喂丹丸）来，让臣妾伺候您服用。来，让臣妾扶着您。
皇帝：朕记得你刚入宫的时候性子孤傲冷淡，现在是是越来越柔情似水了。
澜依：皇上难道没有听说过“温柔刀，刀刀割人性命”吗？
甄嬛（入）：皇上万福金安。
（澜依使个眼色，出）
甄嬛：皇上气色倒好多了。
皇帝：夏刈呢？
甄嬛：药熬好了，皇上怎么先喝参汤了？
皇帝：夏刈。",26,1566
61,3,0.44658276438713074,ep56,56,894,False,"（景仁宫内室）
甄嬛：给皇后娘娘请安，恭祝娘娘凤体康健、千岁金安。
皇后：起来坐吧。
甄嬛：谢娘娘。
皇后：剪秋，看茶。今儿个也不是初一十五的大日子，熹妃这样早就来了。
甄嬛：本该昨日一回宫就来的，因而今日特来向娘娘请罪。
皇后：你有孕在身，又刚从甘露寺回来，是应该好好地歇息一下，反正日后都要见的，请安也不急在一时。
甄嬛：皇后关怀，臣妾也不敢太放肆。臣妾在外，不敢忘了皇后恩德，因此日日祝祷，奉了",26,1566
62,1,0.6044611930847168,ep56,56,894,False,"（景仁宫内室）
甄嬛：给皇后娘娘请安，恭祝娘娘凤体康健、千岁金安。
皇后：起来坐吧。
甄嬛：谢娘娘。
皇后：剪秋，看茶。今儿个也不是初一十五的大日子，熹妃这样早就来了。
甄嬛：本该昨日一回宫就来的，因而今日特来向娘娘请罪。
皇后：你有孕在身，又刚从甘露寺回来，是应该好好地歇息一下，反正日后都要见的，请安也不急在一时。
甄嬛：皇后关怀，臣妾也不敢太放肆。臣妾在外，不敢忘了皇后恩德，因此日日祝祷，奉了",61,6623
62,2,0.5711472630500793,ep76,76,1179,False,"（勤政殿，皇帝躺着）
皇帝：渴了，喝点水。
澜依：好，皇上也该到了服用金丹的时候了，（喂丹丸）来，让臣妾伺候您服用。来，让臣妾扶着您。
皇帝：朕记得你刚入宫的时候性子孤傲冷淡，现在是是越来越柔情似水了。
澜依：皇上难道没有听说过“温柔刀，刀刀割人性命”吗？
甄嬛（入）：皇上万福金安。
（澜依使个眼色，出）
甄嬛：皇上气色倒好多了。
皇帝：夏刈呢？
甄嬛：药熬好了，皇上怎么先喝参汤了？
皇帝：夏刈。",61,6623
62,3,0.568318784236908,ep76,76,1184,False,"（景仁宫）
众：给皇太后请安。
甄嬛：景仁宫一切如旧，似乎还是昔年景象。
小允子：时移世易，人事早已不同。
甄嬛：皇后还似从前一样盯着那些鸽子看吗？
丫鬟：早些年是，先帝驾崩后皇后日夜痛哭，眼睛不大好了，便不再成天望着这些乱飞的鸽子。依太后娘娘的吩咐，这些鸽子老了就再养，总是要活蹦乱跳爱飞的那些。
小允子：乌拉那拉氏怎么不来迎接太后？
甄嬛：她是皇后，我是妃妾，自然该是我去拜见她。人在哪儿？
（甄",61,6623
63,1,0.620863139629364,ep56,56,894,False,"（景仁宫内室）
甄嬛：给皇后娘娘请安，恭祝娘娘凤体康健、千岁金安。
皇后：起来坐吧。
甄嬛：谢娘娘。
皇后：剪秋，看茶。今儿个也不是初一十五的大日子，熹妃这样早就来了。
甄嬛：本该昨日一回宫就来的，因而今日特来向娘娘请罪。
皇后：你有孕在身，又刚从甘露寺回来，是应该好好地歇息一下，反正日后都要见的，请安也不急在一时。
甄嬛：皇后关怀，臣妾也不敢太放肆。臣妾在外，不敢忘了皇后恩德，因此日日祝祷，奉了",42,520
63,2,0.5883296728134155,ep63,63,996,True,"（景仁宫）
甄嬛：斐雯，你在宫里这些日子，本宫倒没瞧出你有这份心胸。
斐雯：奴婢伺候娘娘，有什么心胸都牵挂在娘娘身上，但是奴婢在宫里当差，只能对皇上一人尽忠，若有得罪还请娘娘恕罪。
甄嬛：你对皇上尽忠也算得罪本宫的话，岂非要置本宫于不忠不义之地了？容臣妾问她几句话。斐雯，无论今日之事结局如何，你都不能再回永寿宫再伺候本宫了。
斐雯：只要是在宫里伺候，无论服侍哪位小主，奴婢都会赴汤蹈火在所不辞。
甄",42,520
63,3,0.5816656947135925,ep76,76,1184,False,"（景仁宫）
众：给皇太后请安。
甄嬛：景仁宫一切如旧，似乎还是昔年景象。
小允子：时移世易，人事早已不同。
甄嬛：皇后还似从前一样盯着那些鸽子看吗？
丫鬟：早些年是，先帝驾崩后皇后日夜痛哭，眼睛不大好了，便不再成天望着这些乱飞的鸽子。依太后娘娘的吩咐，这些鸽子老了就再养，总是要活蹦乱跳爱飞的那些。
小允子：乌拉那拉氏怎么不来迎接太后？
甄嬛：她是皇后，我是妃妾，自然该是我去拜见她。人在哪儿？
（甄",42,520
64,1,0.633700966835022,ep56,56,894,False,"（景仁宫内室）
甄嬛：给皇后娘娘请安，恭祝娘娘凤体康健、千岁金安。
皇后：起来坐吧。
甄嬛：谢娘娘。
皇后：剪秋，看茶。今儿个也不是初一十五的大日子，熹妃这样早就来了。
甄嬛：本该昨日一回宫就来的，因而今日特来向娘娘请罪。
皇后：你有孕在身，又刚从甘露寺回来，是应该好好地歇息一下，反正日后都要见的，请安也不急在一时。
甄嬛：皇后关怀，臣妾也不敢太放肆。臣妾在外，不敢忘了皇后恩德，因此日日祝祷，奉了",150,13157
64,2,0.5786087512969971,ep56,56,897,False,"（街）
胧月：额娘，我们这是要去哪儿啊？
敬妃：胧月，额娘带你去给熹娘娘请安。
胧月：就是那天穿得特漂亮的那个吗？
敬妃：胧月真聪明，就是她。
胧月：她也是胧月的额娘吗？为什么胧月以前都没有见过她？
敬妃：胧月，以前熹娘娘不在宫里啊。胧月，以后你要多去熹娘娘那里玩，熹娘娘可喜欢胧月了。
胧月：熹娘娘生得漂亮，胧月也喜欢，可是我还是最喜欢额娘。",150,13157
64,3,0.5757332444190979,ep56,56,899,False,"（寿康宫，眉嬛入）
眉庄：太后怎么先喝上药了，应该臣妾来喂您才是啊。
太后：你来得正好，除了你孙姑姑，也就你伺候得最叫哀家舒坦。
甄嬛：臣妾拜见太后，愿太后凤体康健、福泽万年。
太后：回来了？永寿宫住得还习惯？
甄嬛：永寿宫太过奢华，臣妾很是不安。
太后：虽然奢华，皇帝要宠着你，也不算什么。这药喝得哀家舌头发苦，去倒掉也罢。
眉庄：臣妾就说太后越活越年轻，太后还不信，非说臣妾哄您，如今这怕苦不肯吃",150,13157
65,1,0.6488170027732849,ep56,56,894,False,"（景仁宫内室）
甄嬛：给皇后娘娘请安，恭祝娘娘凤体康健、千岁金安。
皇后：起来坐吧。
甄嬛：谢娘娘。
皇后：剪秋，看茶。今儿个也不是初一十五的大日子，熹妃这样早就来了。
甄嬛：本该昨日一回宫就来的，因而今日特来向娘娘请罪。
皇后：你有孕在身，又刚从甘露寺回来，是应该好好地歇息一下，反正日后都要见的，请安也不急在一时。
甄嬛：皇后关怀，臣妾也不敢太放肆。臣妾在外，不敢忘了皇后恩德，因此日日祝祷，奉了",33,3302
65,2,0.6266021132469177,ep56,56,898,False,"（永寿宫）
甄嬛：姐姐的绣功是越发好了，我的孩子要赖着姐姐做姨娘，你还不多做几件肚兜？
眉庄：这些年给胧月做得还少吗？差不多都是我和敬妃亲自动手，你说你要是生上一辈子的孩子，那我岂不是要给你做一辈子的衣裳了？你这算盘也打得真好。
槿汐：娘娘，敬妃带着胧月公主来了。
甄嬛：快请进来。
敬妃：这里真是凉爽啊，皇上让人用三个月修的永寿宫果然甚好。胧月快点叫。
胧月：给熹娘娘请安。
甄嬛：昨日人多不好言谢",33,3302
65,3,0.6107706427574158,ep56,56,897,False,"（街）
胧月：额娘，我们这是要去哪儿啊？
敬妃：胧月，额娘带你去给熹娘娘请安。
胧月：就是那天穿得特漂亮的那个吗？
敬妃：胧月真聪明，就是她。
胧月：她也是胧月的额娘吗？为什么胧月以前都没有见过她？
敬妃：胧月，以前熹娘娘不在宫里啊。胧月，以后你要多去熹娘娘那里玩，熹娘娘可喜欢胧月了。
胧月：熹娘娘生得漂亮，胧月也喜欢，可是我还是最喜欢额娘。",33,3302
66,1,0.49551087617874146,ep76,76,1182,False,（叶澜依割腕自尽）,56,1123
66,2,0.46346551179885864,ep76,76,1179,False,"（勤政殿，皇帝躺着）
皇帝：渴了，喝点水。
澜依：好，皇上也该到了服用金丹的时候了，（喂丹丸）来，让臣妾伺候您服用。来，让臣妾扶着您。
皇帝：朕记得你刚入宫的时候性子孤傲冷淡，现在是是越来越柔情似水了。
澜依：皇上难道没有听说过“温柔刀，刀刀割人性命”吗？
甄嬛（入）：皇上万福金安。
（澜依使个眼色，出）
甄嬛：皇上气色倒好多了。
皇帝：夏刈呢？
甄嬛：药熬好了，皇上怎么先喝参汤了？
皇帝：夏刈。",56,1123
66,3,0.4380682110786438,ep56,56,894,False,"（景仁宫内室）
甄嬛：给皇后娘娘请安，恭祝娘娘凤体康健、千岁金安。
皇后：起来坐吧。
甄嬛：谢娘娘。
皇后：剪秋，看茶。今儿个也不是初一十五的大日子，熹妃这样早就来了。
甄嬛：本该昨日一回宫就来的，因而今日特来向娘娘请罪。
皇后：你有孕在身，又刚从甘露寺回来，是应该好好地歇息一下，反正日后都要见的，请安也不急在一时。
甄嬛：皇后关怀，臣妾也不敢太放肆。臣妾在外，不敢忘了皇后恩德，因此日日祝祷，奉了",56,1123
67,1,0.6310721635818481,ep56,56,894,False,"（景仁宫内室）
甄嬛：给皇后娘娘请安，恭祝娘娘凤体康健、千岁金安。
皇后：起来坐吧。
甄嬛：谢娘娘。
皇后：剪秋，看茶。今儿个也不是初一十五的大日子，熹妃这样早就来了。
甄嬛：本该昨日一回宫就来的，因而今日特来向娘娘请罪。
皇后：你有孕在身，又刚从甘露寺回来，是应该好好地歇息一下，反正日后都要见的，请安也不急在一时。
甄嬛：皇后关怀，臣妾也不敢太放肆。臣妾在外，不敢忘了皇后恩德，因此日日祝祷，奉了",96,11359
67,2,0.566279411315918,ep63,63,1000,False,"（永寿宫）
玉娆：碧姐姐，十七爷的病可好些啊？
浣碧：好多了。小主呢？怎么这么久都没有见到她？
玉娆：她刚刚被江公公带走了，现在还没回来呢。
阿绿（急入）：浣碧姑娘在就好了，宁贵人让我赶紧来告诉一声，祺贵人她们请了甘露寺的姑子来指证娘娘在宫外有奸情，（浣碧：什么？！）让姑娘看看到底有什么办法，最好也有甘露寺的人来指证那姑子说的是假话。
玉娆：姐姐怎么会有奸情呢？皇上真是糊涂。
浣碧：要找甘露寺的人",96,11359
67,3,0.5650628805160522,ep56,56,899,False,"（寿康宫，眉嬛入）
眉庄：太后怎么先喝上药了，应该臣妾来喂您才是啊。
太后：你来得正好，除了你孙姑姑，也就你伺候得最叫哀家舒坦。
甄嬛：臣妾拜见太后，愿太后凤体康健、福泽万年。
太后：回来了？永寿宫住得还习惯？
甄嬛：永寿宫太过奢华，臣妾很是不安。
太后：虽然奢华，皇帝要宠着你，也不算什么。这药喝得哀家舌头发苦，去倒掉也罢。
眉庄：臣妾就说太后越活越年轻，太后还不信，非说臣妾哄您，如今这怕苦不肯吃",96,11359
68,1,0.6305749416351318,ep63,63,1000,False,"（永寿宫）
玉娆：碧姐姐，十七爷的病可好些啊？
浣碧：好多了。小主呢？怎么这么久都没有见到她？
玉娆：她刚刚被江公公带走了，现在还没回来呢。
阿绿（急入）：浣碧姑娘在就好了，宁贵人让我赶紧来告诉一声，祺贵人她们请了甘露寺的姑子来指证娘娘在宫外有奸情，（浣碧：什么？！）让姑娘看看到底有什么办法，最好也有甘露寺的人来指证那姑子说的是假话。
玉娆：姐姐怎么会有奸情呢？皇上真是糊涂。
浣碧：要找甘露寺的人",37,3687
68,2,0.6201387047767639,ep56,56,894,False,"（景仁宫内室）
甄嬛：给皇后娘娘请安，恭祝娘娘凤体康健、千岁金安。
皇后：起来坐吧。
甄嬛：谢娘娘。
皇后：剪秋，看茶。今儿个也不是初一十五的大日子，熹妃这样早就来了。
甄嬛：本该昨日一回宫就来的，因而今日特来向娘娘请罪。
皇后：你有孕在身，又刚从甘露寺回来，是应该好好地歇息一下，反正日后都要见的，请安也不急在一时。
甄嬛：皇后关怀，臣妾也不敢太放肆。臣妾在外，不敢忘了皇后恩德，因此日日祝祷，奉了",37,3687
68,3,0.5895888209342957,ep63,63,996,True,"（景仁宫）
甄嬛：斐雯，你在宫里这些日子，本宫倒没瞧出你有这份心胸。
斐雯：奴婢伺候娘娘，有什么心胸都牵挂在娘娘身上，但是奴婢在宫里当差，只能对皇上一人尽忠，若有得罪还请娘娘恕罪。
甄嬛：你对皇上尽忠也算得罪本宫的话，岂非要置本宫于不忠不义之地了？容臣妾问她几句话。斐雯，无论今日之事结局如何，你都不能再回永寿宫再伺候本宫了。
斐雯：只要是在宫里伺候，无论服侍哪位小主，奴婢都会赴汤蹈火在所不辞。
甄",37,3687
69,1,0.6704229116439819,ep56,56,894,False,"（景仁宫内室）
甄嬛：给皇后娘娘请安，恭祝娘娘凤体康健、千岁金安。
皇后：起来坐吧。
甄嬛：谢娘娘。
皇后：剪秋，看茶。今儿个也不是初一十五的大日子，熹妃这样早就来了。
甄嬛：本该昨日一回宫就来的，因而今日特来向娘娘请罪。
皇后：你有孕在身，又刚从甘露寺回来，是应该好好地歇息一下，反正日后都要见的，请安也不急在一时。
甄嬛：皇后关怀，臣妾也不敢太放肆。臣妾在外，不敢忘了皇后恩德，因此日日祝祷，奉了",48,2818
69,2,0.6358113884925842,ep63,63,996,True,"（景仁宫）
甄嬛：斐雯，你在宫里这些日子，本宫倒没瞧出你有这份心胸。
斐雯：奴婢伺候娘娘，有什么心胸都牵挂在娘娘身上，但是奴婢在宫里当差，只能对皇上一人尽忠，若有得罪还请娘娘恕罪。
甄嬛：你对皇上尽忠也算得罪本宫的话，岂非要置本宫于不忠不义之地了？容臣妾问她几句话。斐雯，无论今日之事结局如何，你都不能再回永寿宫再伺候本宫了。
斐雯：只要是在宫里伺候，无论服侍哪位小主，奴婢都会赴汤蹈火在所不辞。
甄",48,2818
69,3,0.6260966658592224,ep56,56,899,False,"（寿康宫，眉嬛入）
眉庄：太后怎么先喝上药了，应该臣妾来喂您才是啊。
太后：你来得正好，除了你孙姑姑，也就你伺候得最叫哀家舒坦。
甄嬛：臣妾拜见太后，愿太后凤体康健、福泽万年。
太后：回来了？永寿宫住得还习惯？
甄嬛：永寿宫太过奢华，臣妾很是不安。
太后：虽然奢华，皇帝要宠着你，也不算什么。这药喝得哀家舌头发苦，去倒掉也罢。
眉庄：臣妾就说太后越活越年轻，太后还不信，非说臣妾哄您，如今这怕苦不肯吃",48,2818
70,1,0.6567071676254272,ep56,56,894,False,"（景仁宫内室）
甄嬛：给皇后娘娘请安，恭祝娘娘凤体康健、千岁金安。
皇后：起来坐吧。
甄嬛：谢娘娘。
皇后：剪秋，看茶。今儿个也不是初一十五的大日子，熹妃这样早就来了。
甄嬛：本该昨日一回宫就来的，因而今日特来向娘娘请罪。
皇后：你有孕在身，又刚从甘露寺回来，是应该好好地歇息一下，反正日后都要见的，请安也不急在一时。
甄嬛：皇后关怀，臣妾也不敢太放肆。臣妾在外，不敢忘了皇后恩德，因此日日祝祷，奉了",24,871
70,2,0.6277108192443848,ep63,63,996,True,"（景仁宫）
甄嬛：斐雯，你在宫里这些日子，本宫倒没瞧出你有这份心胸。
斐雯：奴婢伺候娘娘，有什么心胸都牵挂在娘娘身上，但是奴婢在宫里当差，只能对皇上一人尽忠，若有得罪还请娘娘恕罪。
甄嬛：你对皇上尽忠也算得罪本宫的话，岂非要置本宫于不忠不义之地了？容臣妾问她几句话。斐雯，无论今日之事结局如何，你都不能再回永寿宫再伺候本宫了。
斐雯：只要是在宫里伺候，无论服侍哪位小主，奴婢都会赴汤蹈火在所不辞。
甄",24,871
70,3,0.611760675907135,ep56,56,899,False,"（寿康宫，眉嬛入）
眉庄：太后怎么先喝上药了，应该臣妾来喂您才是啊。
太后：你来得正好，除了你孙姑姑，也就你伺候得最叫哀家舒坦。
甄嬛：臣妾拜见太后，愿太后凤体康健、福泽万年。
太后：回来了？永寿宫住得还习惯？
甄嬛：永寿宫太过奢华，臣妾很是不安。
太后：虽然奢华，皇帝要宠着你，也不算什么。这药喝得哀家舌头发苦，去倒掉也罢。
眉庄：臣妾就说太后越活越年轻，太后还不信，非说臣妾哄您，如今这怕苦不肯吃",24,871
71,1,0.5319536328315735,ep76,76,1182,False,（叶澜依割腕自尽）,78,2046
71,2,0.45994099974632263,ep76,76,1179,False,"（勤政殿，皇帝躺着）
皇帝：渴了，喝点水。
澜依：好，皇上也该到了服用金丹的时候了，（喂丹丸）来，让臣妾伺候您服用。来，让臣妾扶着您。
皇帝：朕记得你刚入宫的时候性子孤傲冷淡，现在是是越来越柔情似水了。
澜依：皇上难道没有听说过“温柔刀，刀刀割人性命”吗？
甄嬛（入）：皇上万福金安。
（澜依使个眼色，出）
甄嬛：皇上气色倒好多了。
皇帝：夏刈呢？
甄嬛：药熬好了，皇上怎么先喝参汤了？
皇帝：夏刈。",78,2046
71,3,0.44936034083366394,ep56,56,897,False,"（街）
胧月：额娘，我们这是要去哪儿啊？
敬妃：胧月，额娘带你去给熹娘娘请安。
胧月：就是那天穿得特漂亮的那个吗？
敬妃：胧月真聪明，就是她。
胧月：她也是胧月的额娘吗？为什么胧月以前都没有见过她？
敬妃：胧月，以前熹娘娘不在宫里啊。胧月，以后你要多去熹娘娘那里玩，熹娘娘可喜欢胧月了。
胧月：熹娘娘生得漂亮，胧月也喜欢，可是我还是最喜欢额娘。",78,2046
72,1,0.6575472354888916,ep56,56,894,False,"（景仁宫内室）
甄嬛：给皇后娘娘请安，恭祝娘娘凤体康健、千岁金安。
皇后：起来坐吧。
甄嬛：谢娘娘。
皇后：剪秋，看茶。今儿个也不是初一十五的大日子，熹妃这样早就来了。
甄嬛：本该昨日一回宫就来的，因而今日特来向娘娘请罪。
皇后：你有孕在身，又刚从甘露寺回来，是应该好好地歇息一下，反正日后都要见的，请安也不急在一时。
甄嬛：皇后关怀，臣妾也不敢太放肆。臣妾在外，不敢忘了皇后恩德，因此日日祝祷，奉了",74,15854
72,2,0.6237823963165283,ep56,56,899,False,"（寿康宫，眉嬛入）
眉庄：太后怎么先喝上药了，应该臣妾来喂您才是啊。
太后：你来得正好，除了你孙姑姑，也就你伺候得最叫哀家舒坦。
甄嬛：臣妾拜见太后，愿太后凤体康健、福泽万年。
太后：回来了？永寿宫住得还习惯？
甄嬛：永寿宫太过奢华，臣妾很是不安。
太后：虽然奢华，皇帝要宠着你，也不算什么。这药喝得哀家舌头发苦，去倒掉也罢。
眉庄：臣妾就说太后越活越年轻，太后还不信，非说臣妾哄您，如今这怕苦不肯吃",74,15854
72,3,0.6074334383010864,ep76,76,1184,False,"（景仁宫）
众：给皇太后请安。
甄嬛：景仁宫一切如旧，似乎还是昔年景象。
小允子：时移世易，人事早已不同。
甄嬛：皇后还似从前一样盯着那些鸽子看吗？
丫鬟：早些年是，先帝驾崩后皇后日夜痛哭，眼睛不大好了，便不再成天望着这些乱飞的鸽子。依太后娘娘的吩咐，这些鸽子老了就再养，总是要活蹦乱跳爱飞的那些。
小允子：乌拉那拉氏怎么不来迎接太后？
甄嬛：她是皇后，我是妃妾，自然该是我去拜见她。人在哪儿？
（甄",74,15854
73,1,0.6537375450134277,ep56,56,899,False,"（寿康宫，眉嬛入）
眉庄：太后怎么先喝上药了，应该臣妾来喂您才是啊。
太后：你来得正好，除了你孙姑姑，也就你伺候得最叫哀家舒坦。
甄嬛：臣妾拜见太后，愿太后凤体康健、福泽万年。
太后：回来了？永寿宫住得还习惯？
甄嬛：永寿宫太过奢华，臣妾很是不安。
太后：虽然奢华，皇帝要宠着你，也不算什么。这药喝得哀家舌头发苦，去倒掉也罢。
眉庄：臣妾就说太后越活越年轻，太后还不信，非说臣妾哄您，如今这怕苦不肯吃",69,5751
73,2,0.64698326587677,ep56,56,896,False,"（永寿宫）
槿汐：奴婢让小厨房进了一碗安胎定神的桑寄生杜仲贝母汤，您尝尝。
甄嬛：这汤不错，同样是安胎定神，可比那些苦得倒胃的安胎药强多了。
浣碧：小主，惠嫔娘娘来了。
甄嬛：快请她进来。
眉庄（入）：我在门口可都听见了，如今有了身孕，口味愈发刁钻了。
甄嬛：我正想着你，你就来了。快去拿眉姐姐爱吃的枣泥山药糕来，茶要碧螺春，快去。
眉庄：你惦记着我爱吃枣泥山药糕，我可是记着你有了身孕不爱吃太腻的，",69,5751
73,3,0.6444427967071533,ep56,56,894,False,"（景仁宫内室）
甄嬛：给皇后娘娘请安，恭祝娘娘凤体康健、千岁金安。
皇后：起来坐吧。
甄嬛：谢娘娘。
皇后：剪秋，看茶。今儿个也不是初一十五的大日子，熹妃这样早就来了。
甄嬛：本该昨日一回宫就来的，因而今日特来向娘娘请罪。
皇后：你有孕在身，又刚从甘露寺回来，是应该好好地歇息一下，反正日后都要见的，请安也不急在一时。
甄嬛：皇后关怀，臣妾也不敢太放肆。臣妾在外，不敢忘了皇后恩德，因此日日祝祷，奉了",69,5751
74,1,0.6893801093101501,ep56,56,894,False,"（景仁宫内室）
甄嬛：给皇后娘娘请安，恭祝娘娘凤体康健、千岁金安。
皇后：起来坐吧。
甄嬛：谢娘娘。
皇后：剪秋，看茶。今儿个也不是初一十五的大日子，熹妃这样早就来了。
甄嬛：本该昨日一回宫就来的，因而今日特来向娘娘请罪。
皇后：你有孕在身，又刚从甘露寺回来，是应该好好地歇息一下，反正日后都要见的，请安也不急在一时。
甄嬛：皇后关怀，臣妾也不敢太放肆。臣妾在外，不敢忘了皇后恩德，因此日日祝祷，奉了",32,3384
74,2,0.6615326404571533,ep76,76,1184,False,"（景仁宫）
众：给皇太后请安。
甄嬛：景仁宫一切如旧，似乎还是昔年景象。
小允子：时移世易，人事早已不同。
甄嬛：皇后还似从前一样盯着那些鸽子看吗？
丫鬟：早些年是，先帝驾崩后皇后日夜痛哭，眼睛不大好了，便不再成天望着这些乱飞的鸽子。依太后娘娘的吩咐，这些鸽子老了就再养，总是要活蹦乱跳爱飞的那些。
小允子：乌拉那拉氏怎么不来迎接太后？
甄嬛：她是皇后，我是妃妾，自然该是我去拜见她。人在哪儿？
（甄",32,3384
74,3,0.6506743431091309,ep63,63,996,True,"（景仁宫）
甄嬛：斐雯，你在宫里这些日子，本宫倒没瞧出你有这份心胸。
斐雯：奴婢伺候娘娘，有什么心胸都牵挂在娘娘身上，但是奴婢在宫里当差，只能对皇上一人尽忠，若有得罪还请娘娘恕罪。
甄嬛：你对皇上尽忠也算得罪本宫的话，岂非要置本宫于不忠不义之地了？容臣妾问她几句话。斐雯，无论今日之事结局如何，你都不能再回永寿宫再伺候本宫了。
斐雯：只要是在宫里伺候，无论服侍哪位小主，奴婢都会赴汤蹈火在所不辞。
甄",32,3384
75,1,0.659508466720581,ep56,56,894,False,"（景仁宫内室）
甄嬛：给皇后娘娘请安，恭祝娘娘凤体康健、千岁金安。
皇后：起来坐吧。
甄嬛：谢娘娘。
皇后：剪秋，看茶。今儿个也不是初一十五的大日子，熹妃这样早就来了。
甄嬛：本该昨日一回宫就来的，因而今日特来向娘娘请罪。
皇后：你有孕在身，又刚从甘露寺回来，是应该好好地歇息一下，反正日后都要见的，请安也不急在一时。
甄嬛：皇后关怀，臣妾也不敢太放肆。臣妾在外，不敢忘了皇后恩德，因此日日祝祷，奉了",78,4727
75,2,0.6194894313812256,ep63,63,1002,False,"（碎玉轩）
眉庄：景仁宫到现在都没有消息，温大人也还没有回来，采月，你快出去打听打听，看是怎么回事啊？
宝鹊（入）：娘娘，不好了，景仁宫乱成一团，熹贵妃受了好大的委屈，安嫔娘娘让奴婢来给您报个信。
眉庄：你说什么，熹贵妃受了好大的委屈？受了什么委屈？
宝鹊：还不是祺贵人闹起来，说六阿哥是贵妃和温太医生的。（眉庄气急）奴婢先告退。
眉庄：准备好轿辇，立刻去景仁宫。
采月：小主断不能去，如果真按宝鹊所",78,4727
75,3,0.6132553219795227,ep63,63,996,True,"（景仁宫）
皇帝：祺贵人，瓜尔佳氏危言耸听，扰乱宫闱，打入冷宫。康常在、贞嫔，捕风捉影，以讹传讹，罚俸六个月。其余的交给熹贵妃处置。
甄嬛：槿汐，你带玢儿、莫言回去。静白、斐雯，杖毙。
斐雯：熹贵妃饶命，皇上饶命！（被拖出）
甄嬛：自本宫回宫以来，关于本宫和双生子的流言已经太多，从前不加责备，是觉得流言无稽，谁知一再宽纵反而酿成今日大祸！",78,4727
76,1,0.6699913144111633,ep56,56,894,False,"（景仁宫内室）
甄嬛：给皇后娘娘请安，恭祝娘娘凤体康健、千岁金安。
皇后：起来坐吧。
甄嬛：谢娘娘。
皇后：剪秋，看茶。今儿个也不是初一十五的大日子，熹妃这样早就来了。
甄嬛：本该昨日一回宫就来的，因而今日特来向娘娘请罪。
皇后：你有孕在身，又刚从甘露寺回来，是应该好好地歇息一下，反正日后都要见的，请安也不急在一时。
甄嬛：皇后关怀，臣妾也不敢太放肆。臣妾在外，不敢忘了皇后恩德，因此日日祝祷，奉了",21,544
76,2,0.646565318107605,ep56,56,899,False,"（寿康宫，眉嬛入）
眉庄：太后怎么先喝上药了，应该臣妾来喂您才是啊。
太后：你来得正好，除了你孙姑姑，也就你伺候得最叫哀家舒坦。
甄嬛：臣妾拜见太后，愿太后凤体康健、福泽万年。
太后：回来了？永寿宫住得还习惯？
甄嬛：永寿宫太过奢华，臣妾很是不安。
太后：虽然奢华，皇帝要宠着你，也不算什么。这药喝得哀家舌头发苦，去倒掉也罢。
眉庄：臣妾就说太后越活越年轻，太后还不信，非说臣妾哄您，如今这怕苦不肯吃",21,544
76,3,0.6338613033294678,ep63,63,996,True,"（景仁宫）
甄嬛：斐雯，你在宫里这些日子，本宫倒没瞧出你有这份心胸。
斐雯：奴婢伺候娘娘，有什么心胸都牵挂在娘娘身上，但是奴婢在宫里当差，只能对皇上一人尽忠，若有得罪还请娘娘恕罪。
甄嬛：你对皇上尽忠也算得罪本宫的话，岂非要置本宫于不忠不义之地了？容臣妾问她几句话。斐雯，无论今日之事结局如何，你都不能再回永寿宫再伺候本宫了。
斐雯：只要是在宫里伺候，无论服侍哪位小主，奴婢都会赴汤蹈火在所不辞。
甄",21,544
77,1,0.43514561653137207,ep76,76,1182,False,（叶澜依割腕自尽）,33,196
77,2,0.39870205521583557,ep56,56,897,False,"（街）
胧月：额娘，我们这是要去哪儿啊？
敬妃：胧月，额娘带你去给熹娘娘请安。
胧月：就是那天穿得特漂亮的那个吗？
敬妃：胧月真聪明，就是她。
胧月：她也是胧月的额娘吗？为什么胧月以前都没有见过她？
敬妃：胧月，以前熹娘娘不在宫里啊。胧月，以后你要多去熹娘娘那里玩，熹娘娘可喜欢胧月了。
胧月：熹娘娘生得漂亮，胧月也喜欢，可是我还是最喜欢额娘。",33,196
77,3,0.36734142899513245,ep56,56,894,False,"（景仁宫内室）
甄嬛：给皇后娘娘请安，恭祝娘娘凤体康健、千岁金安。
皇后：起来坐吧。
甄嬛：谢娘娘。
皇后：剪秋，看茶。今儿个也不是初一十五的大日子，熹妃这样早就来了。
甄嬛：本该昨日一回宫就来的，因而今日特来向娘娘请罪。
皇后：你有孕在身，又刚从甘露寺回来，是应该好好地歇息一下，反正日后都要见的，请安也不急在一时。
甄嬛：皇后关怀，臣妾也不敢太放肆。臣妾在外，不敢忘了皇后恩德，因此日日祝祷，奉了",33,196
78,1,0.43693995475769043,ep76,76,1182,False,（叶澜依割腕自尽）,63,8912
78,2,0.4241379201412201,ep76,76,1179,False,"（勤政殿，皇帝躺着）
皇帝：渴了，喝点水。
澜依：好，皇上也该到了服用金丹的时候了，（喂丹丸）来，让臣妾伺候您服用。来，让臣妾扶着您。
皇帝：朕记得你刚入宫的时候性子孤傲冷淡，现在是是越来越柔情似水了。
澜依：皇上难道没有听说过“温柔刀，刀刀割人性命”吗？
甄嬛（入）：皇上万福金安。
（澜依使个眼色，出）
甄嬛：皇上气色倒好多了。
皇帝：夏刈呢？
甄嬛：药熬好了，皇上怎么先喝参汤了？
皇帝：夏刈。",63,8912
78,3,0.38754773139953613,ep56,56,894,False,"（景仁宫内室）
甄嬛：给皇后娘娘请安，恭祝娘娘凤体康健、千岁金安。
皇后：起来坐吧。
甄嬛：谢娘娘。
皇后：剪秋，看茶。今儿个也不是初一十五的大日子，熹妃这样早就来了。
甄嬛：本该昨日一回宫就来的，因而今日特来向娘娘请罪。
皇后：你有孕在身，又刚从甘露寺回来，是应该好好地歇息一下，反正日后都要见的，请安也不急在一时。
甄嬛：皇后关怀，臣妾也不敢太放肆。臣妾在外，不敢忘了皇后恩德，因此日日祝祷，奉了",63,8912
79,1,0.5641978979110718,ep56,56,894,False,"（景仁宫内室）
甄嬛：给皇后娘娘请安，恭祝娘娘凤体康健、千岁金安。
皇后：起来坐吧。
甄嬛：谢娘娘。
皇后：剪秋，看茶。今儿个也不是初一十五的大日子，熹妃这样早就来了。
甄嬛：本该昨日一回宫就来的，因而今日特来向娘娘请罪。
皇后：你有孕在身，又刚从甘露寺回来，是应该好好地歇息一下，反正日后都要见的，请安也不急在一时。
甄嬛：皇后关怀，臣妾也不敢太放肆。臣妾在外，不敢忘了皇后恩德，因此日日祝祷，奉了",57,6751
79,2,0.5639408826828003,ep76,76,1179,False,"（勤政殿，皇帝躺着）
皇帝：渴了，喝点水。
澜依：好，皇上也该到了服用金丹的时候了，（喂丹丸）来，让臣妾伺候您服用。来，让臣妾扶着您。
皇帝：朕记得你刚入宫的时候性子孤傲冷淡，现在是是越来越柔情似水了。
澜依：皇上难道没有听说过“温柔刀，刀刀割人性命”吗？
甄嬛（入）：皇上万福金安。
（澜依使个眼色，出）
甄嬛：皇上气色倒好多了。
皇帝：夏刈呢？
甄嬛：药熬好了，皇上怎么先喝参汤了？
皇帝：夏刈。",57,6751
79,3,0.5397796630859375,ep56,56,899,False,"（寿康宫，眉嬛入）
眉庄：太后怎么先喝上药了，应该臣妾来喂您才是啊。
太后：你来得正好，除了你孙姑姑，也就你伺候得最叫哀家舒坦。
甄嬛：臣妾拜见太后，愿太后凤体康健、福泽万年。
太后：回来了？永寿宫住得还习惯？
甄嬛：永寿宫太过奢华，臣妾很是不安。
太后：虽然奢华，皇帝要宠着你，也不算什么。这药喝得哀家舌头发苦，去倒掉也罢。
眉庄：臣妾就说太后越活越年轻，太后还不信，非说臣妾哄您，如今这怕苦不肯吃",57,6751
80,1,0.3751635253429413,ep76,76,1182,False,（叶澜依割腕自尽）,27,405
80,2,0.3404887914657593,ep56,56,894,False,"（景仁宫内室）
甄嬛：给皇后娘娘请安，恭祝娘娘凤体康健、千岁金安。
皇后：起来坐吧。
甄嬛：谢娘娘。
皇后：剪秋，看茶。今儿个也不是初一十五的大日子，熹妃这样早就来了。
甄嬛：本该昨日一回宫就来的，因而今日特来向娘娘请罪。
皇后：你有孕在身，又刚从甘露寺回来，是应该好好地歇息一下，反正日后都要见的，请安也不急在一时。
甄嬛：皇后关怀，臣妾也不敢太放肆。臣妾在外，不敢忘了皇后恩德，因此日日祝祷，奉了",27,405
80,3,0.3327350914478302,ep63,63,1001,False,"（玉娆赶路撞上允禧）
允禧：这样匆匆忙忙的出什么事了？
玉娆：别拦着我，姐姐出事了，我要去救人，走。
允禧：宫里怎么了？",27,405
81,1,0.4175150990486145,ep76,76,1182,False,（叶澜依割腕自尽）,50,1239
81,2,0.3675018548965454,ep56,56,897,False,"（街）
胧月：额娘，我们这是要去哪儿啊？
敬妃：胧月，额娘带你去给熹娘娘请安。
胧月：就是那天穿得特漂亮的那个吗？
敬妃：胧月真聪明，就是她。
胧月：她也是胧月的额娘吗？为什么胧月以前都没有见过她？
敬妃：胧月，以前熹娘娘不在宫里啊。胧月，以后你要多去熹娘娘那里玩，熹娘娘可喜欢胧月了。
胧月：熹娘娘生得漂亮，胧月也喜欢，可是我还是最喜欢额娘。",50,1239
81,3,0.36076217889785767,ep56,56,894,False,"（景仁宫内室）
甄嬛：给皇后娘娘请安，恭祝娘娘凤体康健、千岁金安。
皇后：起来坐吧。
甄嬛：谢娘娘。
皇后：剪秋，看茶。今儿个也不是初一十五的大日子，熹妃这样早就来了。
甄嬛：本该昨日一回宫就来的，因而今日特来向娘娘请罪。
皇后：你有孕在身，又刚从甘露寺回来，是应该好好地歇息一下，反正日后都要见的，请安也不急在一时。
甄嬛：皇后关怀，臣妾也不敢太放肆。臣妾在外，不敢忘了皇后恩德，因此日日祝祷，奉了",50,1239
82,1,0.41624027490615845,ep76,76,1182,False,（叶澜依割腕自尽）,69,552
82,2,0.386231929063797,ep56,56,897,False,"（街）
胧月：额娘，我们这是要去哪儿啊？
敬妃：胧月，额娘带你去给熹娘娘请安。
胧月：就是那天穿得特漂亮的那个吗？
敬妃：胧月真聪明，就是她。
胧月：她也是胧月的额娘吗？为什么胧月以前都没有见过她？
敬妃：胧月，以前熹娘娘不在宫里啊。胧月，以后你要多去熹娘娘那里玩，熹娘娘可喜欢胧月了。
胧月：熹娘娘生得漂亮，胧月也喜欢，可是我还是最喜欢额娘。",69,552
82,3,0.37268999218940735,ep76,76,1179,False,"（勤政殿，皇帝躺着）
皇帝：渴了，喝点水。
澜依：好，皇上也该到了服用金丹的时候了，（喂丹丸）来，让臣妾伺候您服用。来，让臣妾扶着您。
皇帝：朕记得你刚入宫的时候性子孤傲冷淡，现在是是越来越柔情似水了。
澜依：皇上难道没有听说过“温柔刀，刀刀割人性命”吗？
甄嬛（入）：皇上万福金安。
（澜依使个眼色，出）
甄嬛：皇上气色倒好多了。
皇帝：夏刈呢？
甄嬛：药熬好了，皇上怎么先喝参汤了？
皇帝：夏刈。",69,552
83,1,0.42619043588638306,ep76,76,1182,False,（叶澜依割腕自尽）,28,8
83,2,0.4049929976463318,ep76,76,1179,False,"（勤政殿，皇帝躺着）
皇帝：渴了，喝点水。
澜依：好，皇上也该到了服用金丹的时候了，（喂丹丸）来，让臣妾伺候您服用。来，让臣妾扶着您。
皇帝：朕记得你刚入宫的时候性子孤傲冷淡，现在是是越来越柔情似水了。
澜依：皇上难道没有听说过“温柔刀，刀刀割人性命”吗？
甄嬛（入）：皇上万福金安。
（澜依使个眼色，出）
甄嬛：皇上气色倒好多了。
皇帝：夏刈呢？
甄嬛：药熬好了，皇上怎么先喝参汤了？
皇帝：夏刈。",28,8
83,3,0.38152140378952026,ep56,56,894,False,"（景仁宫内室）
甄嬛：给皇后娘娘请安，恭祝娘娘凤体康健、千岁金安。
皇后：起来坐吧。
甄嬛：谢娘娘。
皇后：剪秋，看茶。今儿个也不是初一十五的大日子，熹妃这样早就来了。
甄嬛：本该昨日一回宫就来的，因而今日特来向娘娘请罪。
皇后：你有孕在身，又刚从甘露寺回来，是应该好好地歇息一下，反正日后都要见的，请安也不急在一时。
甄嬛：皇后关怀，臣妾也不敢太放肆。臣妾在外，不敢忘了皇后恩德，因此日日祝祷，奉了",28,8
84,1,0.6248075366020203,ep76,76,1179,False,"（勤政殿，皇帝躺着）
皇帝：渴了，喝点水。
澜依：好，皇上也该到了服用金丹的时候了，（喂丹丸）来，让臣妾伺候您服用。来，让臣妾扶着您。
皇帝：朕记得你刚入宫的时候性子孤傲冷淡，现在是是越来越柔情似水了。
澜依：皇上难道没有听说过“温柔刀，刀刀割人性命”吗？
甄嬛（入）：皇上万福金安。
（澜依使个眼色，出）
甄嬛：皇上气色倒好多了。
皇帝：夏刈呢？
甄嬛：药熬好了，皇上怎么先喝参汤了？
皇帝：夏刈。",73,9056
84,2,0.5947295427322388,ep56,56,894,False,"（景仁宫内室）
甄嬛：给皇后娘娘请安，恭祝娘娘凤体康健、千岁金安。
皇后：起来坐吧。
甄嬛：谢娘娘。
皇后：剪秋，看茶。今儿个也不是初一十五的大日子，熹妃这样早就来了。
甄嬛：本该昨日一回宫就来的，因而今日特来向娘娘请罪。
皇后：你有孕在身，又刚从甘露寺回来，是应该好好地歇息一下，反正日后都要见的，请安也不急在一时。
甄嬛：皇后关怀，臣妾也不敢太放肆。臣妾在外，不敢忘了皇后恩德，因此日日祝祷，奉了",73,9056
84,3,0.5936003923416138,ep56,56,899,False,"（寿康宫，眉嬛入）
眉庄：太后怎么先喝上药了，应该臣妾来喂您才是啊。
太后：你来得正好，除了你孙姑姑，也就你伺候得最叫哀家舒坦。
甄嬛：臣妾拜见太后，愿太后凤体康健、福泽万年。
太后：回来了？永寿宫住得还习惯？
甄嬛：永寿宫太过奢华，臣妾很是不安。
太后：虽然奢华，皇帝要宠着你，也不算什么。这药喝得哀家舌头发苦，去倒掉也罢。
眉庄：臣妾就说太后越活越年轻，太后还不信，非说臣妾哄您，如今这怕苦不肯吃",73,9056
85,1,0.4046485126018524,ep76,76,1179,False,"（勤政殿，皇帝躺着）
皇帝：渴了，喝点水。
澜依：好，皇上也该到了服用金丹的时候了，（喂丹丸）来，让臣妾伺候您服用。来，让臣妾扶着您。
皇帝：朕记得你刚入宫的时候性子孤傲冷淡，现在是是越来越柔情似水了。
澜依：皇上难道没有听说过“温柔刀，刀刀割人性命”吗？
甄嬛（入）：皇上万福金安。
（澜依使个眼色，出）
甄嬛：皇上气色倒好多了。
皇帝：夏刈呢？
甄嬛：药熬好了，皇上怎么先喝参汤了？
皇帝：夏刈。",23,172
85,2,0.38104066252708435,ep56,56,894,False,"（景仁宫内室）
甄嬛：给皇后娘娘请安，恭祝娘娘凤体康健、千岁金安。
皇后：起来坐吧。
甄嬛：谢娘娘。
皇后：剪秋，看茶。今儿个也不是初一十五的大日子，熹妃这样早就来了。
甄嬛：本该昨日一回宫就来的，因而今日特来向娘娘请罪。
皇后：你有孕在身，又刚从甘露寺回来，是应该好好地歇息一下，反正日后都要见的，请安也不急在一时。
甄嬛：皇后关怀，臣妾也不敢太放肆。臣妾在外，不敢忘了皇后恩德，因此日日祝祷，奉了",23,172
85,3,0.3721688389778137,ep76,76,1182,False,（叶澜依割腕自尽）,23,172
86,1,0.5260305404663086,ep76,76,1182,False,（叶澜依割腕自尽）,104,2515
86,2,0.49860861897468567,ep76,76,1179,False,"（勤政殿，皇帝躺着）
皇帝：渴了，喝点水。
澜依：好，皇上也该到了服用金丹的时候了，（喂丹丸）来，让臣妾伺候您服用。来，让臣妾扶着您。
皇帝：朕记得你刚入宫的时候性子孤傲冷淡，现在是是越来越柔情似水了。
澜依：皇上难道没有听说过“温柔刀，刀刀割人性命”吗？
甄嬛（入）：皇上万福金安。
（澜依使个眼色，出）
甄嬛：皇上气色倒好多了。
皇帝：夏刈呢？
甄嬛：药熬好了，皇上怎么先喝参汤了？
皇帝：夏刈。",104,2515
86,3,0.4692333936691284,ep56,56,894,False,"（景仁宫内室）
甄嬛：给皇后娘娘请安，恭祝娘娘凤体康健、千岁金安。
皇后：起来坐吧。
甄嬛：谢娘娘。
皇后：剪秋，看茶。今儿个也不是初一十五的大日子，熹妃这样早就来了。
甄嬛：本该昨日一回宫就来的，因而今日特来向娘娘请罪。
皇后：你有孕在身，又刚从甘露寺回来，是应该好好地歇息一下，反正日后都要见的，请安也不急在一时。
甄嬛：皇后关怀，臣妾也不敢太放肆。臣妾在外，不敢忘了皇后恩德，因此日日祝祷，奉了",104,2515
87,1,0.5967018008232117,ep76,76,1182,False,（叶澜依割腕自尽）,57,978
87,2,0.49514248967170715,ep76,76,1179,False,"（勤政殿，皇帝躺着）
皇帝：渴了，喝点水。
澜依：好，皇上也该到了服用金丹的时候了，（喂丹丸）来，让臣妾伺候您服用。来，让臣妾扶着您。
皇帝：朕记得你刚入宫的时候性子孤傲冷淡，现在是是越来越柔情似水了。
澜依：皇上难道没有听说过“温柔刀，刀刀割人性命”吗？
甄嬛（入）：皇上万福金安。
（澜依使个眼色，出）
甄嬛：皇上气色倒好多了。
皇帝：夏刈呢？
甄嬛：药熬好了，皇上怎么先喝参汤了？
皇帝：夏刈。",57,978
87,3,0.49261078238487244,ep76,76,1178,False,"（小允子带人围殴夏刈）
小允子：手脚利索点，快快快！赶紧，堵住嘴，堵住嘴。
夏刈：你们、你们要干什么？谁敢杀我？我是替皇上办事的！
小允子：就是因为你替皇上办了不该办的事，所以才有人要了结你。
夏刈：胡说，皇上要我查六阿哥——
小允子（板砖砸下）：叫你嘴上没把门的！赶紧打发了他，完了拖出角门，说是死了个太监。",57,978
88,1,0.6243667006492615,ep76,76,1179,False,"（勤政殿，皇帝躺着）
皇帝：渴了，喝点水。
澜依：好，皇上也该到了服用金丹的时候了，（喂丹丸）来，让臣妾伺候您服用。来，让臣妾扶着您。
皇帝：朕记得你刚入宫的时候性子孤傲冷淡，现在是是越来越柔情似水了。
澜依：皇上难道没有听说过“温柔刀，刀刀割人性命”吗？
甄嬛（入）：皇上万福金安。
（澜依使个眼色，出）
甄嬛：皇上气色倒好多了。
皇帝：夏刈呢？
甄嬛：药熬好了，皇上怎么先喝参汤了？
皇帝：夏刈。",43,330
88,2,0.5818343758583069,ep56,56,894,False,"（景仁宫内室）
甄嬛：给皇后娘娘请安，恭祝娘娘凤体康健、千岁金安。
皇后：起来坐吧。
甄嬛：谢娘娘。
皇后：剪秋，看茶。今儿个也不是初一十五的大日子，熹妃这样早就来了。
甄嬛：本该昨日一回宫就来的，因而今日特来向娘娘请罪。
皇后：你有孕在身，又刚从甘露寺回来，是应该好好地歇息一下，反正日后都要见的，请安也不急在一时。
甄嬛：皇后关怀，臣妾也不敢太放肆。臣妾在外，不敢忘了皇后恩德，因此日日祝祷，奉了",43,330
88,3,0.5564504861831665,ep56,56,899,False,"（寿康宫，眉嬛入）
眉庄：太后怎么先喝上药了，应该臣妾来喂您才是啊。
太后：你来得正好，除了你孙姑姑，也就你伺候得最叫哀家舒坦。
甄嬛：臣妾拜见太后，愿太后凤体康健、福泽万年。
太后：回来了？永寿宫住得还习惯？
甄嬛：永寿宫太过奢华，臣妾很是不安。
太后：虽然奢华，皇帝要宠着你，也不算什么。这药喝得哀家舌头发苦，去倒掉也罢。
眉庄：臣妾就说太后越活越年轻，太后还不信，非说臣妾哄您，如今这怕苦不肯吃",43,330
89,1,0.5717263221740723,ep76,76,1179,False,"（勤政殿，皇帝躺着）
皇帝：渴了，喝点水。
澜依：好，皇上也该到了服用金丹的时候了，（喂丹丸）来，让臣妾伺候您服用。来，让臣妾扶着您。
皇帝：朕记得你刚入宫的时候性子孤傲冷淡，现在是是越来越柔情似水了。
澜依：皇上难道没有听说过“温柔刀，刀刀割人性命”吗？
甄嬛（入）：皇上万福金安。
（澜依使个眼色，出）
甄嬛：皇上气色倒好多了。
皇帝：夏刈呢？
甄嬛：药熬好了，皇上怎么先喝参汤了？
皇帝：夏刈。",47,505
89,2,0.5274155139923096,ep56,56,894,False,"（景仁宫内室）
甄嬛：给皇后娘娘请安，恭祝娘娘凤体康健、千岁金安。
皇后：起来坐吧。
甄嬛：谢娘娘。
皇后：剪秋，看茶。今儿个也不是初一十五的大日子，熹妃这样早就来了。
甄嬛：本该昨日一回宫就来的，因而今日特来向娘娘请罪。
皇后：你有孕在身，又刚从甘露寺回来，是应该好好地歇息一下，反正日后都要见的，请安也不急在一时。
甄嬛：皇后关怀，臣妾也不敢太放肆。臣妾在外，不敢忘了皇后恩德，因此日日祝祷，奉了",47,505
89,3,0.4927372336387634,ep76,76,1184,False,"（景仁宫）
众：给皇太后请安。
甄嬛：景仁宫一切如旧，似乎还是昔年景象。
小允子：时移世易，人事早已不同。
甄嬛：皇后还似从前一样盯着那些鸽子看吗？
丫鬟：早些年是，先帝驾崩后皇后日夜痛哭，眼睛不大好了，便不再成天望着这些乱飞的鸽子。依太后娘娘的吩咐，这些鸽子老了就再养，总是要活蹦乱跳爱飞的那些。
小允子：乌拉那拉氏怎么不来迎接太后？
甄嬛：她是皇后，我是妃妾，自然该是我去拜见她。人在哪儿？
（甄",47,505
90,1,0.6596304178237915,ep56,56,894,False,"（景仁宫内室）
甄嬛：给皇后娘娘请安，恭祝娘娘凤体康健、千岁金安。
皇后：起来坐吧。
甄嬛：谢娘娘。
皇后：剪秋，看茶。今儿个也不是初一十五的大日子，熹妃这样早就来了。
甄嬛：本该昨日一回宫就来的，因而今日特来向娘娘请罪。
皇后：你有孕在身，又刚从甘露寺回来，是应该好好地歇息一下，反正日后都要见的，请安也不急在一时。
甄嬛：皇后关怀，臣妾也不敢太放肆。臣妾在外，不敢忘了皇后恩德，因此日日祝祷，奉了",93,5266
90,2,0.616561770439148,ep76,76,1184,False,"（景仁宫）
众：给皇太后请安。
甄嬛：景仁宫一切如旧，似乎还是昔年景象。
小允子：时移世易，人事早已不同。
甄嬛：皇后还似从前一样盯着那些鸽子看吗？
丫鬟：早些年是，先帝驾崩后皇后日夜痛哭，眼睛不大好了，便不再成天望着这些乱飞的鸽子。依太后娘娘的吩咐，这些鸽子老了就再养，总是要活蹦乱跳爱飞的那些。
小允子：乌拉那拉氏怎么不来迎接太后？
甄嬛：她是皇后，我是妃妾，自然该是我去拜见她。人在哪儿？
（甄",93,5266
90,3,0.5995205640792847,ep76,76,1179,False,"（勤政殿，皇帝躺着）
皇帝：渴了，喝点水。
澜依：好，皇上也该到了服用金丹的时候了，（喂丹丸）来，让臣妾伺候您服用。来，让臣妾扶着您。
皇帝：朕记得你刚入宫的时候性子孤傲冷淡，现在是是越来越柔情似水了。
澜依：皇上难道没有听说过“温柔刀，刀刀割人性命”吗？
甄嬛（入）：皇上万福金安。
（澜依使个眼色，出）
甄嬛：皇上气色倒好多了。
皇帝：夏刈呢？
甄嬛：药熬好了，皇上怎么先喝参汤了？
皇帝：夏刈。",93,5266
91,1,0.6848576068878174,ep76,76,1184,False,"（景仁宫）
众：给皇太后请安。
甄嬛：景仁宫一切如旧，似乎还是昔年景象。
小允子：时移世易，人事早已不同。
甄嬛：皇后还似从前一样盯着那些鸽子看吗？
丫鬟：早些年是，先帝驾崩后皇后日夜痛哭，眼睛不大好了，便不再成天望着这些乱飞的鸽子。依太后娘娘的吩咐，这些鸽子老了就再养，总是要活蹦乱跳爱飞的那些。
小允子：乌拉那拉氏怎么不来迎接太后？
甄嬛：她是皇后，我是妃妾，自然该是我去拜见她。人在哪儿？
（甄",51,1154
91,2,0.6482672691345215,ep56,56,894,False,"（景仁宫内室）
甄嬛：给皇后娘娘请安，恭祝娘娘凤体康健、千岁金安。
皇后：起来坐吧。
甄嬛：谢娘娘。
皇后：剪秋，看茶。今儿个也不是初一十五的大日子，熹妃这样早就来了。
甄嬛：本该昨日一回宫就来的，因而今日特来向娘娘请罪。
皇后：你有孕在身，又刚从甘露寺回来，是应该好好地歇息一下，反正日后都要见的，请安也不急在一时。
甄嬛：皇后关怀，臣妾也不敢太放肆。臣妾在外，不敢忘了皇后恩德，因此日日祝祷，奉了",51,1154
91,3,0.640385091304779,ep56,56,899,False,"（寿康宫，眉嬛入）
眉庄：太后怎么先喝上药了，应该臣妾来喂您才是啊。
太后：你来得正好，除了你孙姑姑，也就你伺候得最叫哀家舒坦。
甄嬛：臣妾拜见太后，愿太后凤体康健、福泽万年。
太后：回来了？永寿宫住得还习惯？
甄嬛：永寿宫太过奢华，臣妾很是不安。
太后：虽然奢华，皇帝要宠着你，也不算什么。这药喝得哀家舌头发苦，去倒掉也罢。
眉庄：臣妾就说太后越活越年轻，太后还不信，非说臣妾哄您，如今这怕苦不肯吃",51,1154
92,1,0.6216402649879456,ep76,76,1179,False,"（勤政殿，皇帝躺着）
皇帝：渴了，喝点水。
澜依：好，皇上也该到了服用金丹的时候了，（喂丹丸）来，让臣妾伺候您服用。来，让臣妾扶着您。
皇帝：朕记得你刚入宫的时候性子孤傲冷淡，现在是是越来越柔情似水了。
澜依：皇上难道没有听说过“温柔刀，刀刀割人性命”吗？
甄嬛（入）：皇上万福金安。
（澜依使个眼色，出）
甄嬛：皇上气色倒好多了。
皇帝：夏刈呢？
甄嬛：药熬好了，皇上怎么先喝参汤了？
皇帝：夏刈。",101,3730
92,2,0.579950749874115,ep56,56,894,False,"（景仁宫内室）
甄嬛：给皇后娘娘请安，恭祝娘娘凤体康健、千岁金安。
皇后：起来坐吧。
甄嬛：谢娘娘。
皇后：剪秋，看茶。今儿个也不是初一十五的大日子，熹妃这样早就来了。
甄嬛：本该昨日一回宫就来的，因而今日特来向娘娘请罪。
皇后：你有孕在身，又刚从甘露寺回来，是应该好好地歇息一下，反正日后都要见的，请安也不急在一时。
甄嬛：皇后关怀，臣妾也不敢太放肆。臣妾在外，不敢忘了皇后恩德，因此日日祝祷，奉了",101,3730
92,3,0.5528566241264343,ep56,56,899,False,"（寿康宫，眉嬛入）
眉庄：太后怎么先喝上药了，应该臣妾来喂您才是啊。
太后：你来得正好，除了你孙姑姑，也就你伺候得最叫哀家舒坦。
甄嬛：臣妾拜见太后，愿太后凤体康健、福泽万年。
太后：回来了？永寿宫住得还习惯？
甄嬛：永寿宫太过奢华，臣妾很是不安。
太后：虽然奢华，皇帝要宠着你，也不算什么。这药喝得哀家舌头发苦，去倒掉也罢。
眉庄：臣妾就说太后越活越年轻，太后还不信，非说臣妾哄您，如今这怕苦不肯吃",101,3730
93,1,0.6245120763778687,ep76,76,1179,False,"（勤政殿，皇帝躺着）
皇帝：渴了，喝点水。
澜依：好，皇上也该到了服用金丹的时候了，（喂丹丸）来，让臣妾伺候您服用。来，让臣妾扶着您。
皇帝：朕记得你刚入宫的时候性子孤傲冷淡，现在是是越来越柔情似水了。
澜依：皇上难道没有听说过“温柔刀，刀刀割人性命”吗？
甄嬛（入）：皇上万福金安。
（澜依使个眼色，出）
甄嬛：皇上气色倒好多了。
皇帝：夏刈呢？
甄嬛：药熬好了，皇上怎么先喝参汤了？
皇帝：夏刈。",55,408
93,2,0.574971079826355,ep56,56,894,False,"（景仁宫内室）
甄嬛：给皇后娘娘请安，恭祝娘娘凤体康健、千岁金安。
皇后：起来坐吧。
甄嬛：谢娘娘。
皇后：剪秋，看茶。今儿个也不是初一十五的大日子，熹妃这样早就来了。
甄嬛：本该昨日一回宫就来的，因而今日特来向娘娘请罪。
皇后：你有孕在身，又刚从甘露寺回来，是应该好好地歇息一下，反正日后都要见的，请安也不急在一时。
甄嬛：皇后关怀，臣妾也不敢太放肆。臣妾在外，不敢忘了皇后恩德，因此日日祝祷，奉了",55,408
93,3,0.5638994574546814,ep56,56,899,False,"（寿康宫，眉嬛入）
眉庄：太后怎么先喝上药了，应该臣妾来喂您才是啊。
太后：你来得正好，除了你孙姑姑，也就你伺候得最叫哀家舒坦。
甄嬛：臣妾拜见太后，愿太后凤体康健、福泽万年。
太后：回来了？永寿宫住得还习惯？
甄嬛：永寿宫太过奢华，臣妾很是不安。
太后：虽然奢华，皇帝要宠着你，也不算什么。这药喝得哀家舌头发苦，去倒掉也罢。
眉庄：臣妾就说太后越活越年轻，太后还不信，非说臣妾哄您，如今这怕苦不肯吃",55,408
94,1,0.5752278566360474,ep56,56,894,False,"（景仁宫内室）
甄嬛：给皇后娘娘请安，恭祝娘娘凤体康健、千岁金安。
皇后：起来坐吧。
甄嬛：谢娘娘。
皇后：剪秋，看茶。今儿个也不是初一十五的大日子，熹妃这样早就来了。
甄嬛：本该昨日一回宫就来的，因而今日特来向娘娘请罪。
皇后：你有孕在身，又刚从甘露寺回来，是应该好好地歇息一下，反正日后都要见的，请安也不急在一时。
甄嬛：皇后关怀，臣妾也不敢太放肆。臣妾在外，不敢忘了皇后恩德，因此日日祝祷，奉了",21,158
94,2,0.5707541704177856,ep76,76,1179,False,"（勤政殿，皇帝躺着）
皇帝：渴了，喝点水。
澜依：好，皇上也该到了服用金丹的时候了，（喂丹丸）来，让臣妾伺候您服用。来，让臣妾扶着您。
皇帝：朕记得你刚入宫的时候性子孤傲冷淡，现在是是越来越柔情似水了。
澜依：皇上难道没有听说过“温柔刀，刀刀割人性命”吗？
甄嬛（入）：皇上万福金安。
（澜依使个眼色，出）
甄嬛：皇上气色倒好多了。
皇帝：夏刈呢？
甄嬛：药熬好了，皇上怎么先喝参汤了？
皇帝：夏刈。",21,158
94,3,0.5483114123344421,ep56,56,899,False,"（寿康宫，眉嬛入）
眉庄：太后怎么先喝上药了，应该臣妾来喂您才是啊。
太后：你来得正好，除了你孙姑姑，也就你伺候得最叫哀家舒坦。
甄嬛：臣妾拜见太后，愿太后凤体康健、福泽万年。
太后：回来了？永寿宫住得还习惯？
甄嬛：永寿宫太过奢华，臣妾很是不安。
太后：虽然奢华，皇帝要宠着你，也不算什么。这药喝得哀家舌头发苦，去倒掉也罢。
眉庄：臣妾就说太后越活越年轻，太后还不信，非说臣妾哄您，如今这怕苦不肯吃",21,158
95,1,0.4373093843460083,ep76,76,1182,False,（叶澜依割腕自尽）,333,2504
95,2,0.387344092130661,ep76,76,1179,False,"（勤政殿，皇帝躺着）
皇帝：渴了，喝点水。
澜依：好，皇上也该到了服用金丹的时候了，（喂丹丸）来，让臣妾伺候您服用。来，让臣妾扶着您。
皇帝：朕记得你刚入宫的时候性子孤傲冷淡，现在是是越来越柔情似水了。
澜依：皇上难道没有听说过“温柔刀，刀刀割人性命”吗？
甄嬛（入）：皇上万福金安。
（澜依使个眼色，出）
甄嬛：皇上气色倒好多了。
皇帝：夏刈呢？
甄嬛：药熬好了，皇上怎么先喝参汤了？
皇帝：夏刈。",333,2504
95,3,0.38391026854515076,ep56,56,897,False,"（街）
胧月：额娘，我们这是要去哪儿啊？
敬妃：胧月，额娘带你去给熹娘娘请安。
胧月：就是那天穿得特漂亮的那个吗？
敬妃：胧月真聪明，就是她。
胧月：她也是胧月的额娘吗？为什么胧月以前都没有见过她？
敬妃：胧月，以前熹娘娘不在宫里啊。胧月，以后你要多去熹娘娘那里玩，熹娘娘可喜欢胧月了。
胧月：熹娘娘生得漂亮，胧月也喜欢，可是我还是最喜欢额娘。",333,2504
96,1,0.5398263335227966,ep56,56,894,False,"（景仁宫内室）
甄嬛：给皇后娘娘请安，恭祝娘娘凤体康健、千岁金安。
皇后：起来坐吧。
甄嬛：谢娘娘。
皇后：剪秋，看茶。今儿个也不是初一十五的大日子，熹妃这样早就来了。
甄嬛：本该昨日一回宫就来的，因而今日特来向娘娘请罪。
皇后：你有孕在身，又刚从甘露寺回来，是应该好好地歇息一下，反正日后都要见的，请安也不急在一时。
甄嬛：皇后关怀，臣妾也不敢太放肆。臣妾在外，不敢忘了皇后恩德，因此日日祝祷，奉了",20,244
96,2,0.5381242036819458,ep76,76,1179,False,"（勤政殿，皇帝躺着）
皇帝：渴了，喝点水。
澜依：好，皇上也该到了服用金丹的时候了，（喂丹丸）来，让臣妾伺候您服用。来，让臣妾扶着您。
皇帝：朕记得你刚入宫的时候性子孤傲冷淡，现在是是越来越柔情似水了。
澜依：皇上难道没有听说过“温柔刀，刀刀割人性命”吗？
甄嬛（入）：皇上万福金安。
（澜依使个眼色，出）
甄嬛：皇上气色倒好多了。
皇帝：夏刈呢？
甄嬛：药熬好了，皇上怎么先喝参汤了？
皇帝：夏刈。",20,244
96,3,0.534687876701355,ep63,63,996,True,"（景仁宫）
甄嬛：斐雯，你在宫里这些日子，本宫倒没瞧出你有这份心胸。
斐雯：奴婢伺候娘娘，有什么心胸都牵挂在娘娘身上，但是奴婢在宫里当差，只能对皇上一人尽忠，若有得罪还请娘娘恕罪。
甄嬛：你对皇上尽忠也算得罪本宫的话，岂非要置本宫于不忠不义之地了？容臣妾问她几句话。斐雯，无论今日之事结局如何，你都不能再回永寿宫再伺候本宫了。
斐雯：只要是在宫里伺候，无论服侍哪位小主，奴婢都会赴汤蹈火在所不辞。
甄",20,244
97,1,0.7345000505447388,ep76,76,1179,False,"（勤政殿，皇帝躺着）
皇帝：渴了，喝点水。
澜依：好，皇上也该到了服用金丹的时候了，（喂丹丸）来，让臣妾伺候您服用。来，让臣妾扶着您。
皇帝：朕记得你刚入宫的时候性子孤傲冷淡，现在是是越来越柔情似水了。
澜依：皇上难道没有听说过“温柔刀，刀刀割人性命”吗？
甄嬛（入）：皇上万福金安。
（澜依使个眼色，出）
甄嬛：皇上气色倒好多了。
皇帝：夏刈呢？
甄嬛：药熬好了，皇上怎么先喝参汤了？
皇帝：夏刈。",29,4807
97,2,0.6251756548881531,ep56,56,899,False,"（寿康宫，眉嬛入）
眉庄：太后怎么先喝上药了，应该臣妾来喂您才是啊。
太后：你来得正好，除了你孙姑姑，也就你伺候得最叫哀家舒坦。
甄嬛：臣妾拜见太后，愿太后凤体康健、福泽万年。
太后：回来了？永寿宫住得还习惯？
甄嬛：永寿宫太过奢华，臣妾很是不安。
太后：虽然奢华，皇帝要宠着你，也不算什么。这药喝得哀家舌头发苦，去倒掉也罢。
眉庄：臣妾就说太后越活越年轻，太后还不信，非说臣妾哄您，如今这怕苦不肯吃",29,4807
97,3,0.6229478120803833,ep56,56,894,False,"（景仁宫内室）
甄嬛：给皇后娘娘请安，恭祝娘娘凤体康健、千岁金安。
皇后：起来坐吧。
甄嬛：谢娘娘。
皇后：剪秋，看茶。今儿个也不是初一十五的大日子，熹妃这样早就来了。
甄嬛：本该昨日一回宫就来的，因而今日特来向娘娘请罪。
皇后：你有孕在身，又刚从甘露寺回来，是应该好好地歇息一下，反正日后都要见的，请安也不急在一时。
甄嬛：皇后关怀，臣妾也不敢太放肆。臣妾在外，不敢忘了皇后恩德，因此日日祝祷，奉了",29,4807
98,1,0.40870994329452515,ep76,76,1182,False,（叶澜依割腕自尽）,23,6390
98,2,0.34860658645629883,ep76,76,1179,False,"（勤政殿，皇帝躺着）
皇帝：渴了，喝点水。
澜依：好，皇上也该到了服用金丹的时候了，（喂丹丸）来，让臣妾伺候您服用。来，让臣妾扶着您。
皇帝：朕记得你刚入宫的时候性子孤傲冷淡，现在是是越来越柔情似水了。
澜依：皇上难道没有听说过“温柔刀，刀刀割人性命”吗？
甄嬛（入）：皇上万福金安。
（澜依使个眼色，出）
甄嬛：皇上气色倒好多了。
皇帝：夏刈呢？
甄嬛：药熬好了，皇上怎么先喝参汤了？
皇帝：夏刈。",23,6390
98,3,0.34255895018577576,ep56,56,897,False,"（街）
胧月：额娘，我们这是要去哪儿啊？
敬妃：胧月，额娘带你去给熹娘娘请安。
胧月：就是那天穿得特漂亮的那个吗？
敬妃：胧月真聪明，就是她。
胧月：她也是胧月的额娘吗？为什么胧月以前都没有见过她？
敬妃：胧月，以前熹娘娘不在宫里啊。胧月，以后你要多去熹娘娘那里玩，熹娘娘可喜欢胧月了。
胧月：熹娘娘生得漂亮，胧月也喜欢，可是我还是最喜欢额娘。",23,6390
99,1,0.6720830202102661,ep56,56,894,False,"（景仁宫内室）
甄嬛：给皇后娘娘请安，恭祝娘娘凤体康健、千岁金安。
皇后：起来坐吧。
甄嬛：谢娘娘。
皇后：剪秋，看茶。今儿个也不是初一十五的大日子，熹妃这样早就来了。
甄嬛：本该昨日一回宫就来的，因而今日特来向娘娘请罪。
皇后：你有孕在身，又刚从甘露寺回来，是应该好好地歇息一下，反正日后都要见的，请安也不急在一时。
甄嬛：皇后关怀，臣妾也不敢太放肆。臣妾在外，不敢忘了皇后恩德，因此日日祝祷，奉了",30,4817
99,2,0.6386784315109253,ep76,76,1184,False,"（景仁宫）
众：给皇太后请安。
甄嬛：景仁宫一切如旧，似乎还是昔年景象。
小允子：时移世易，人事早已不同。
甄嬛：皇后还似从前一样盯着那些鸽子看吗？
丫鬟：早些年是，先帝驾崩后皇后日夜痛哭，眼睛不大好了，便不再成天望着这些乱飞的鸽子。依太后娘娘的吩咐，这些鸽子老了就再养，总是要活蹦乱跳爱飞的那些。
小允子：乌拉那拉氏怎么不来迎接太后？
甄嬛：她是皇后，我是妃妾，自然该是我去拜见她。人在哪儿？
（甄",30,4817
99,3,0.6346158385276794,ep56,56,899,False,"（寿康宫，眉嬛入）
眉庄：太后怎么先喝上药了，应该臣妾来喂您才是啊。
太后：你来得正好，除了你孙姑姑，也就你伺候得最叫哀家舒坦。
甄嬛：臣妾拜见太后，愿太后凤体康健、福泽万年。
太后：回来了？永寿宫住得还习惯？
甄嬛：永寿宫太过奢华，臣妾很是不安。
太后：虽然奢华，皇帝要宠着你，也不算什么。这药喝得哀家舌头发苦，去倒掉也罢。
眉庄：臣妾就说太后越活越年轻，太后还不信，非说臣妾哄您，如今这怕苦不肯吃",30,4817
100,1,0.6808469295501709,ep76,76,1179,False,"（勤政殿，皇帝躺着）
皇帝：渴了，喝点水。
澜依：好，皇上也该到了服用金丹的时候了，（喂丹丸）来，让臣妾伺候您服用。来，让臣妾扶着您。
皇帝：朕记得你刚入宫的时候性子孤傲冷淡，现在是是越来越柔情似水了。
澜依：皇上难道没有听说过“温柔刀，刀刀割人性命”吗？
甄嬛（入）：皇上万福金安。
（澜依使个眼色，出）
甄嬛：皇上气色倒好多了。
皇帝：夏刈呢？
甄嬛：药熬好了，皇上怎么先喝参汤了？
皇帝：夏刈。",108,8830
100,2,0.6751408576965332,ep56,56,894,False,"（景仁宫内室）
甄嬛：给皇后娘娘请安，恭祝娘娘凤体康健、千岁金安。
皇后：起来坐吧。
甄嬛：谢娘娘。
皇后：剪秋，看茶。今儿个也不是初一十五的大日子，熹妃这样早就来了。
甄嬛：本该昨日一回宫就来的，因而今日特来向娘娘请罪。
皇后：你有孕在身，又刚从甘露寺回来，是应该好好地歇息一下，反正日后都要见的，请安也不急在一时。
甄嬛：皇后关怀，臣妾也不敢太放肆。臣妾在外，不敢忘了皇后恩德，因此日日祝祷，奉了",108,8830
100,3,0.6724862456321716,ep56,56,899,False,"（寿康宫，眉嬛入）
眉庄：太后怎么先喝上药了，应该臣妾来喂您才是啊。
太后：你来得正好，除了你孙姑姑，也就你伺候得最叫哀家舒坦。
甄嬛：臣妾拜见太后，愿太后凤体康健、福泽万年。
太后：回来了？永寿宫住得还习惯？
甄嬛：永寿宫太过奢华，臣妾很是不安。
太后：虽然奢华，皇帝要宠着你，也不算什么。这药喝得哀家舌头发苦，去倒掉也罢。
眉庄：臣妾就说太后越活越年轻，太后还不信，非说臣妾哄您，如今这怕苦不肯吃",108,8830
101,1,0.4398535192012787,ep76,76,1182,False,（叶澜依割腕自尽）,41,39
101,2,0.38735753297805786,ep56,56,897,False,"（街）
胧月：额娘，我们这是要去哪儿啊？
敬妃：胧月，额娘带你去给熹娘娘请安。
胧月：就是那天穿得特漂亮的那个吗？
敬妃：胧月真聪明，就是她。
胧月：她也是胧月的额娘吗？为什么胧月以前都没有见过她？
敬妃：胧月，以前熹娘娘不在宫里啊。胧月，以后你要多去熹娘娘那里玩，熹娘娘可喜欢胧月了。
胧月：熹娘娘生得漂亮，胧月也喜欢，可是我还是最喜欢额娘。",41,39
101,3,0.3867483139038086,ep76,76,1179,False,"（勤政殿，皇帝躺着）
皇帝：渴了，喝点水。
澜依：好，皇上也该到了服用金丹的时候了，（喂丹丸）来，让臣妾伺候您服用。来，让臣妾扶着您。
皇帝：朕记得你刚入宫的时候性子孤傲冷淡，现在是是越来越柔情似水了。
澜依：皇上难道没有听说过“温柔刀，刀刀割人性命”吗？
甄嬛（入）：皇上万福金安。
（澜依使个眼色，出）
甄嬛：皇上气色倒好多了。
皇帝：夏刈呢？
甄嬛：药熬好了，皇上怎么先喝参汤了？
皇帝：夏刈。",41,39
102,1,0.47167879343032837,ep76,76,1182,False,（叶澜依割腕自尽）,99,654
102,2,0.4296925961971283,ep76,76,1179,False,"（勤政殿，皇帝躺着）
皇帝：渴了，喝点水。
澜依：好，皇上也该到了服用金丹的时候了，（喂丹丸）来，让臣妾伺候您服用。来，让臣妾扶着您。
皇帝：朕记得你刚入宫的时候性子孤傲冷淡，现在是是越来越柔情似水了。
澜依：皇上难道没有听说过“温柔刀，刀刀割人性命”吗？
甄嬛（入）：皇上万福金安。
（澜依使个眼色，出）
甄嬛：皇上气色倒好多了。
皇帝：夏刈呢？
甄嬛：药熬好了，皇上怎么先喝参汤了？
皇帝：夏刈。",99,654
102,3,0.41018447279930115,ep63,63,1001,False,"（玉娆赶路撞上允禧）
允禧：这样匆匆忙忙的出什么事了？
玉娆：别拦着我，姐姐出事了，我要去救人，走。
允禧：宫里怎么了？",99,654
103,1,0.48847880959510803,ep76,76,1182,False,（叶澜依割腕自尽）,80,3830
103,2,0.4434824287891388,ep56,56,894,False,"（景仁宫内室）
甄嬛：给皇后娘娘请安，恭祝娘娘凤体康健、千岁金安。
皇后：起来坐吧。
甄嬛：谢娘娘。
皇后：剪秋，看茶。今儿个也不是初一十五的大日子，熹妃这样早就来了。
甄嬛：本该昨日一回宫就来的，因而今日特来向娘娘请罪。
皇后：你有孕在身，又刚从甘露寺回来，是应该好好地歇息一下，反正日后都要见的，请安也不急在一时。
甄嬛：皇后关怀，臣妾也不敢太放肆。臣妾在外，不敢忘了皇后恩德，因此日日祝祷，奉了",80,3830
103,3,0.43985259532928467,ep76,76,1179,False,"（勤政殿，皇帝躺着）
皇帝：渴了，喝点水。
澜依：好，皇上也该到了服用金丹的时候了，（喂丹丸）来，让臣妾伺候您服用。来，让臣妾扶着您。
皇帝：朕记得你刚入宫的时候性子孤傲冷淡，现在是是越来越柔情似水了。
澜依：皇上难道没有听说过“温柔刀，刀刀割人性命”吗？
甄嬛（入）：皇上万福金安。
（澜依使个眼色，出）
甄嬛：皇上气色倒好多了。
皇帝：夏刈呢？
甄嬛：药熬好了，皇上怎么先喝参汤了？
皇帝：夏刈。",80,3830
104,1,0.42338496446609497,ep76,76,1182,False,（叶澜依割腕自尽）,73,2768
104,2,0.3913044333457947,ep76,76,1179,False,"（勤政殿，皇帝躺着）
皇帝：渴了，喝点水。
澜依：好，皇上也该到了服用金丹的时候了，（喂丹丸）来，让臣妾伺候您服用。来，让臣妾扶着您。
皇帝：朕记得你刚入宫的时候性子孤傲冷淡，现在是是越来越柔情似水了。
澜依：皇上难道没有听说过“温柔刀，刀刀割人性命”吗？
甄嬛（入）：皇上万福金安。
（澜依使个眼色，出）
甄嬛：皇上气色倒好多了。
皇帝：夏刈呢？
甄嬛：药熬好了，皇上怎么先喝参汤了？
皇帝：夏刈。",73,2768
104,3,0.39037302136421204,ep56,56,894,False,"（景仁宫内室）
甄嬛：给皇后娘娘请安，恭祝娘娘凤体康健、千岁金安。
皇后：起来坐吧。
甄嬛：谢娘娘。
皇后：剪秋，看茶。今儿个也不是初一十五的大日子，熹妃这样早就来了。
甄嬛：本该昨日一回宫就来的，因而今日特来向娘娘请罪。
皇后：你有孕在身，又刚从甘露寺回来，是应该好好地歇息一下，反正日后都要见的，请安也不急在一时。
甄嬛：皇后关怀，臣妾也不敢太放肆。臣妾在外，不敢忘了皇后恩德，因此日日祝祷，奉了",73,2768
105,1,0.4486410319805145,ep76,76,1182,False,（叶澜依割腕自尽）,76,820
105,2,0.420378714799881,ep56,56,894,False,"（景仁宫内室）
甄嬛：给皇后娘娘请安，恭祝娘娘凤体康健、千岁金安。
皇后：起来坐吧。
甄嬛：谢娘娘。
皇后：剪秋，看茶。今儿个也不是初一十五的大日子，熹妃这样早就来了。
甄嬛：本该昨日一回宫就来的，因而今日特来向娘娘请罪。
皇后：你有孕在身，又刚从甘露寺回来，是应该好好地歇息一下，反正日后都要见的，请安也不急在一时。
甄嬛：皇后关怀，臣妾也不敢太放肆。臣妾在外，不敢忘了皇后恩德，因此日日祝祷，奉了",76,820
105,3,0.4155254364013672,ep76,76,1179,False,"（勤政殿，皇帝躺着）
皇帝：渴了，喝点水。
澜依：好，皇上也该到了服用金丹的时候了，（喂丹丸）来，让臣妾伺候您服用。来，让臣妾扶着您。
皇帝：朕记得你刚入宫的时候性子孤傲冷淡，现在是是越来越柔情似水了。
澜依：皇上难道没有听说过“温柔刀，刀刀割人性命”吗？
甄嬛（入）：皇上万福金安。
（澜依使个眼色，出）
甄嬛：皇上气色倒好多了。
皇帝：夏刈呢？
甄嬛：药熬好了，皇上怎么先喝参汤了？
皇帝：夏刈。",76,820
106,1,0.430911123752594,ep76,76,1182,False,（叶澜依割腕自尽）,33,279
106,2,0.4008200168609619,ep76,76,1179,False,"（勤政殿，皇帝躺着）
皇帝：渴了，喝点水。
澜依：好，皇上也该到了服用金丹的时候了，（喂丹丸）来，让臣妾伺候您服用。来，让臣妾扶着您。
皇帝：朕记得你刚入宫的时候性子孤傲冷淡，现在是是越来越柔情似水了。
澜依：皇上难道没有听说过“温柔刀，刀刀割人性命”吗？
甄嬛（入）：皇上万福金安。
（澜依使个眼色，出）
甄嬛：皇上气色倒好多了。
皇帝：夏刈呢？
甄嬛：药熬好了，皇上怎么先喝参汤了？
皇帝：夏刈。",33,279
106,3,0.3988123834133148,ep56,56,894,False,"（景仁宫内室）
甄嬛：给皇后娘娘请安，恭祝娘娘凤体康健、千岁金安。
皇后：起来坐吧。
甄嬛：谢娘娘。
皇后：剪秋，看茶。今儿个也不是初一十五的大日子，熹妃这样早就来了。
甄嬛：本该昨日一回宫就来的，因而今日特来向娘娘请罪。
皇后：你有孕在身，又刚从甘露寺回来，是应该好好地歇息一下，反正日后都要见的，请安也不急在一时。
甄嬛：皇后关怀，臣妾也不敢太放肆。臣妾在外，不敢忘了皇后恩德，因此日日祝祷，奉了",33,279
107,1,0.42111119627952576,ep76,76,1182,False,（叶澜依割腕自尽）,21,327
107,2,0.4102224111557007,ep76,76,1179,False,"（勤政殿，皇帝躺着）
皇帝：渴了，喝点水。
澜依：好，皇上也该到了服用金丹的时候了，（喂丹丸）来，让臣妾伺候您服用。来，让臣妾扶着您。
皇帝：朕记得你刚入宫的时候性子孤傲冷淡，现在是是越来越柔情似水了。
澜依：皇上难道没有听说过“温柔刀，刀刀割人性命”吗？
甄嬛（入）：皇上万福金安。
（澜依使个眼色，出）
甄嬛：皇上气色倒好多了。
皇帝：夏刈呢？
甄嬛：药熬好了，皇上怎么先喝参汤了？
皇帝：夏刈。",21,327
107,3,0.3835419714450836,ep56,56,897,False,"（街）
胧月：额娘，我们这是要去哪儿啊？
敬妃：胧月，额娘带你去给熹娘娘请安。
胧月：就是那天穿得特漂亮的那个吗？
敬妃：胧月真聪明，就是她。
胧月：她也是胧月的额娘吗？为什么胧月以前都没有见过她？
敬妃：胧月，以前熹娘娘不在宫里啊。胧月，以后你要多去熹娘娘那里玩，熹娘娘可喜欢胧月了。
胧月：熹娘娘生得漂亮，胧月也喜欢，可是我还是最喜欢额娘。",21,327
108,1,0.47255218029022217,ep76,76,1182,False,（叶澜依割腕自尽）,22,49
108,2,0.43975111842155457,ep76,76,1179,False,"（勤政殿，皇帝躺着）
皇帝：渴了，喝点水。
澜依：好，皇上也该到了服用金丹的时候了，（喂丹丸）来，让臣妾伺候您服用。来，让臣妾扶着您。
皇帝：朕记得你刚入宫的时候性子孤傲冷淡，现在是是越来越柔情似水了。
澜依：皇上难道没有听说过“温柔刀，刀刀割人性命”吗？
甄嬛（入）：皇上万福金安。
（澜依使个眼色，出）
甄嬛：皇上气色倒好多了。
皇帝：夏刈呢？
甄嬛：药熬好了，皇上怎么先喝参汤了？
皇帝：夏刈。",22,49
108,3,0.4148179888725281,ep56,56,894,False,"（景仁宫内室）
甄嬛：给皇后娘娘请安，恭祝娘娘凤体康健、千岁金安。
皇后：起来坐吧。
甄嬛：谢娘娘。
皇后：剪秋，看茶。今儿个也不是初一十五的大日子，熹妃这样早就来了。
甄嬛：本该昨日一回宫就来的，因而今日特来向娘娘请罪。
皇后：你有孕在身，又刚从甘露寺回来，是应该好好地歇息一下，反正日后都要见的，请安也不急在一时。
甄嬛：皇后关怀，臣妾也不敢太放肆。臣妾在外，不敢忘了皇后恩德，因此日日祝祷，奉了",22,49
109,1,0.45385318994522095,ep76,76,1182,False,（叶澜依割腕自尽）,104,1447
109,2,0.433121919631958,ep76,76,1179,False,"（勤政殿，皇帝躺着）
皇帝：渴了，喝点水。
澜依：好，皇上也该到了服用金丹的时候了，（喂丹丸）来，让臣妾伺候您服用。来，让臣妾扶着您。
皇帝：朕记得你刚入宫的时候性子孤傲冷淡，现在是是越来越柔情似水了。
澜依：皇上难道没有听说过“温柔刀，刀刀割人性命”吗？
甄嬛（入）：皇上万福金安。
（澜依使个眼色，出）
甄嬛：皇上气色倒好多了。
皇帝：夏刈呢？
甄嬛：药熬好了，皇上怎么先喝参汤了？
皇帝：夏刈。",104,1447
109,3,0.4265042841434479,ep56,56,897,False,"（街）
胧月：额娘，我们这是要去哪儿啊？
敬妃：胧月，额娘带你去给熹娘娘请安。
胧月：就是那天穿得特漂亮的那个吗？
敬妃：胧月真聪明，就是她。
胧月：她也是胧月的额娘吗？为什么胧月以前都没有见过她？
敬妃：胧月，以前熹娘娘不在宫里啊。胧月，以后你要多去熹娘娘那里玩，熹娘娘可喜欢胧月了。
胧月：熹娘娘生得漂亮，胧月也喜欢，可是我还是最喜欢额娘。",104,1447
110,1,0.5550121068954468,ep56,56,894,False,"（景仁宫内室）
甄嬛：给皇后娘娘请安，恭祝娘娘凤体康健、千岁金安。
皇后：起来坐吧。
甄嬛：谢娘娘。
皇后：剪秋，看茶。今儿个也不是初一十五的大日子，熹妃这样早就来了。
甄嬛：本该昨日一回宫就来的，因而今日特来向娘娘请罪。
皇后：你有孕在身，又刚从甘露寺回来，是应该好好地歇息一下，反正日后都要见的，请安也不急在一时。
甄嬛：皇后关怀，臣妾也不敢太放肆。臣妾在外，不敢忘了皇后恩德，因此日日祝祷，奉了",34,423
110,2,0.5385690331459045,ep76,76,1179,False,"（勤政殿，皇帝躺着）
皇帝：渴了，喝点水。
澜依：好，皇上也该到了服用金丹的时候了，（喂丹丸）来，让臣妾伺候您服用。来，让臣妾扶着您。
皇帝：朕记得你刚入宫的时候性子孤傲冷淡，现在是是越来越柔情似水了。
澜依：皇上难道没有听说过“温柔刀，刀刀割人性命”吗？
甄嬛（入）：皇上万福金安。
（澜依使个眼色，出）
甄嬛：皇上气色倒好多了。
皇帝：夏刈呢？
甄嬛：药熬好了，皇上怎么先喝参汤了？
皇帝：夏刈。",34,423
110,3,0.5313703417778015,ep76,76,1184,False,"（景仁宫）
众：给皇太后请安。
甄嬛：景仁宫一切如旧，似乎还是昔年景象。
小允子：时移世易，人事早已不同。
甄嬛：皇后还似从前一样盯着那些鸽子看吗？
丫鬟：早些年是，先帝驾崩后皇后日夜痛哭，眼睛不大好了，便不再成天望着这些乱飞的鸽子。依太后娘娘的吩咐，这些鸽子老了就再养，总是要活蹦乱跳爱飞的那些。
小允子：乌拉那拉氏怎么不来迎接太后？
甄嬛：她是皇后，我是妃妾，自然该是我去拜见她。人在哪儿？
（甄",34,423
111,1,0.5449521541595459,ep56,56,894,False,"（景仁宫内室）
甄嬛：给皇后娘娘请安，恭祝娘娘凤体康健、千岁金安。
皇后：起来坐吧。
甄嬛：谢娘娘。
皇后：剪秋，看茶。今儿个也不是初一十五的大日子，熹妃这样早就来了。
甄嬛：本该昨日一回宫就来的，因而今日特来向娘娘请罪。
皇后：你有孕在身，又刚从甘露寺回来，是应该好好地歇息一下，反正日后都要见的，请安也不急在一时。
甄嬛：皇后关怀，臣妾也不敢太放肆。臣妾在外，不敢忘了皇后恩德，因此日日祝祷，奉了",35,169
111,2,0.529956042766571,ep76,76,1179,False,"（勤政殿，皇帝躺着）
皇帝：渴了，喝点水。
澜依：好，皇上也该到了服用金丹的时候了，（喂丹丸）来，让臣妾伺候您服用。来，让臣妾扶着您。
皇帝：朕记得你刚入宫的时候性子孤傲冷淡，现在是是越来越柔情似水了。
澜依：皇上难道没有听说过“温柔刀，刀刀割人性命”吗？
甄嬛（入）：皇上万福金安。
（澜依使个眼色，出）
甄嬛：皇上气色倒好多了。
皇帝：夏刈呢？
甄嬛：药熬好了，皇上怎么先喝参汤了？
皇帝：夏刈。",35,169
111,3,0.5275618433952332,ep63,63,996,True,"（景仁宫）
甄嬛：斐雯，你在宫里这些日子，本宫倒没瞧出你有这份心胸。
斐雯：奴婢伺候娘娘，有什么心胸都牵挂在娘娘身上，但是奴婢在宫里当差，只能对皇上一人尽忠，若有得罪还请娘娘恕罪。
甄嬛：你对皇上尽忠也算得罪本宫的话，岂非要置本宫于不忠不义之地了？容臣妾问她几句话。斐雯，无论今日之事结局如何，你都不能再回永寿宫再伺候本宫了。
斐雯：只要是在宫里伺候，无论服侍哪位小主，奴婢都会赴汤蹈火在所不辞。
甄",35,169
112,1,0.4802851974964142,ep76,76,1182,False,（叶澜依割腕自尽）,20,11
112,2,0.434356689453125,ep76,76,1179,False,"（勤政殿，皇帝躺着）
皇帝：渴了，喝点水。
澜依：好，皇上也该到了服用金丹的时候了，（喂丹丸）来，让臣妾伺候您服用。来，让臣妾扶着您。
皇帝：朕记得你刚入宫的时候性子孤傲冷淡，现在是是越来越柔情似水了。
澜依：皇上难道没有听说过“温柔刀，刀刀割人性命”吗？
甄嬛（入）：皇上万福金安。
（澜依使个眼色，出）
甄嬛：皇上气色倒好多了。
皇帝：夏刈呢？
甄嬛：药熬好了，皇上怎么先喝参汤了？
皇帝：夏刈。",20,11
112,3,0.43317073583602905,ep56,56,897,False,"（街）
胧月：额娘，我们这是要去哪儿啊？
敬妃：胧月，额娘带你去给熹娘娘请安。
胧月：就是那天穿得特漂亮的那个吗？
敬妃：胧月真聪明，就是她。
胧月：她也是胧月的额娘吗？为什么胧月以前都没有见过她？
敬妃：胧月，以前熹娘娘不在宫里啊。胧月，以后你要多去熹娘娘那里玩，熹娘娘可喜欢胧月了。
胧月：熹娘娘生得漂亮，胧月也喜欢，可是我还是最喜欢额娘。",20,11
113,1,0.6028615236282349,ep56,56,894,False,"（景仁宫内室）
甄嬛：给皇后娘娘请安，恭祝娘娘凤体康健、千岁金安。
皇后：起来坐吧。
甄嬛：谢娘娘。
皇后：剪秋，看茶。今儿个也不是初一十五的大日子，熹妃这样早就来了。
甄嬛：本该昨日一回宫就来的，因而今日特来向娘娘请罪。
皇后：你有孕在身，又刚从甘露寺回来，是应该好好地歇息一下，反正日后都要见的，请安也不急在一时。
甄嬛：皇后关怀，臣妾也不敢太放肆。臣妾在外，不敢忘了皇后恩德，因此日日祝祷，奉了",157,14033
113,2,0.590297520160675,ep76,76,1179,False,"（勤政殿，皇帝躺着）
皇帝：渴了，喝点水。
澜依：好，皇上也该到了服用金丹的时候了，（喂丹丸）来，让臣妾伺候您服用。来，让臣妾扶着您。
皇帝：朕记得你刚入宫的时候性子孤傲冷淡，现在是是越来越柔情似水了。
澜依：皇上难道没有听说过“温柔刀，刀刀割人性命”吗？
甄嬛（入）：皇上万福金安。
（澜依使个眼色，出）
甄嬛：皇上气色倒好多了。
皇帝：夏刈呢？
甄嬛：药熬好了，皇上怎么先喝参汤了？
皇帝：夏刈。",157,14033
113,3,0.5788904428482056,ep56,56,899,False,"（寿康宫，眉嬛入）
眉庄：太后怎么先喝上药了，应该臣妾来喂您才是啊。
太后：你来得正好，除了你孙姑姑，也就你伺候得最叫哀家舒坦。
甄嬛：臣妾拜见太后，愿太后凤体康健、福泽万年。
太后：回来了？永寿宫住得还习惯？
甄嬛：永寿宫太过奢华，臣妾很是不安。
太后：虽然奢华，皇帝要宠着你，也不算什么。这药喝得哀家舌头发苦，去倒掉也罢。
眉庄：臣妾就说太后越活越年轻，太后还不信，非说臣妾哄您，如今这怕苦不肯吃",157,14033
114,1,0.6292557120323181,ep56,56,894,False,"（景仁宫内室）
甄嬛：给皇后娘娘请安，恭祝娘娘凤体康健、千岁金安。
皇后：起来坐吧。
甄嬛：谢娘娘。
皇后：剪秋，看茶。今儿个也不是初一十五的大日子，熹妃这样早就来了。
甄嬛：本该昨日一回宫就来的，因而今日特来向娘娘请罪。
皇后：你有孕在身，又刚从甘露寺回来，是应该好好地歇息一下，反正日后都要见的，请安也不急在一时。
甄嬛：皇后关怀，臣妾也不敢太放肆。臣妾在外，不敢忘了皇后恩德，因此日日祝祷，奉了",24,304
114,2,0.6073091626167297,ep76,76,1179,False,"（勤政殿，皇帝躺着）
皇帝：渴了，喝点水。
澜依：好，皇上也该到了服用金丹的时候了，（喂丹丸）来，让臣妾伺候您服用。来，让臣妾扶着您。
皇帝：朕记得你刚入宫的时候性子孤傲冷淡，现在是是越来越柔情似水了。
澜依：皇上难道没有听说过“温柔刀，刀刀割人性命”吗？
甄嬛（入）：皇上万福金安。
（澜依使个眼色，出）
甄嬛：皇上气色倒好多了。
皇帝：夏刈呢？
甄嬛：药熬好了，皇上怎么先喝参汤了？
皇帝：夏刈。",24,304
114,3,0.6026375889778137,ep63,63,996,True,"（景仁宫）
甄嬛：斐雯，你在宫里这些日子，本宫倒没瞧出你有这份心胸。
斐雯：奴婢伺候娘娘，有什么心胸都牵挂在娘娘身上，但是奴婢在宫里当差，只能对皇上一人尽忠，若有得罪还请娘娘恕罪。
甄嬛：你对皇上尽忠也算得罪本宫的话，岂非要置本宫于不忠不义之地了？容臣妾问她几句话。斐雯，无论今日之事结局如何，你都不能再回永寿宫再伺候本宫了。
斐雯：只要是在宫里伺候，无论服侍哪位小主，奴婢都会赴汤蹈火在所不辞。
甄",24,304
115,1,0.4680624306201935,ep76,76,1182,False,（叶澜依割腕自尽）,44,1159
115,2,0.43165895342826843,ep76,76,1179,False,"（勤政殿，皇帝躺着）
皇帝：渴了，喝点水。
澜依：好，皇上也该到了服用金丹的时候了，（喂丹丸）来，让臣妾伺候您服用。来，让臣妾扶着您。
皇帝：朕记得你刚入宫的时候性子孤傲冷淡，现在是是越来越柔情似水了。
澜依：皇上难道没有听说过“温柔刀，刀刀割人性命”吗？
甄嬛（入）：皇上万福金安。
（澜依使个眼色，出）
甄嬛：皇上气色倒好多了。
皇帝：夏刈呢？
甄嬛：药熬好了，皇上怎么先喝参汤了？
皇帝：夏刈。",44,1159
115,3,0.4183944761753082,ep56,56,897,False,"（街）
胧月：额娘，我们这是要去哪儿啊？
敬妃：胧月，额娘带你去给熹娘娘请安。
胧月：就是那天穿得特漂亮的那个吗？
敬妃：胧月真聪明，就是她。
胧月：她也是胧月的额娘吗？为什么胧月以前都没有见过她？
敬妃：胧月，以前熹娘娘不在宫里啊。胧月，以后你要多去熹娘娘那里玩，熹娘娘可喜欢胧月了。
胧月：熹娘娘生得漂亮，胧月也喜欢，可是我还是最喜欢额娘。",44,1159
116,1,0.44930630922317505,ep76,76,1182,False,（叶澜依割腕自尽）,57,282
116,2,0.4186845123767853,ep76,76,1179,False,"（勤政殿，皇帝躺着）
皇帝：渴了，喝点水。
澜依：好，皇上也该到了服用金丹的时候了，（喂丹丸）来，让臣妾伺候您服用。来，让臣妾扶着您。
皇帝：朕记得你刚入宫的时候性子孤傲冷淡，现在是是越来越柔情似水了。
澜依：皇上难道没有听说过“温柔刀，刀刀割人性命”吗？
甄嬛（入）：皇上万福金安。
（澜依使个眼色，出）
甄嬛：皇上气色倒好多了。
皇帝：夏刈呢？
甄嬛：药熬好了，皇上怎么先喝参汤了？
皇帝：夏刈。",57,282
116,3,0.4159054756164551,ep56,56,897,False,"（街）
胧月：额娘，我们这是要去哪儿啊？
敬妃：胧月，额娘带你去给熹娘娘请安。
胧月：就是那天穿得特漂亮的那个吗？
敬妃：胧月真聪明，就是她。
胧月：她也是胧月的额娘吗？为什么胧月以前都没有见过她？
敬妃：胧月，以前熹娘娘不在宫里啊。胧月，以后你要多去熹娘娘那里玩，熹娘娘可喜欢胧月了。
胧月：熹娘娘生得漂亮，胧月也喜欢，可是我还是最喜欢额娘。",57,282
117,1,0.43281736969947815,ep76,76,1182,False,（叶澜依割腕自尽）,29,128
117,2,0.40337705612182617,ep56,56,897,False,"（街）
胧月：额娘，我们这是要去哪儿啊？
敬妃：胧月，额娘带你去给熹娘娘请安。
胧月：就是那天穿得特漂亮的那个吗？
敬妃：胧月真聪明，就是她。
胧月：她也是胧月的额娘吗？为什么胧月以前都没有见过她？
敬妃：胧月，以前熹娘娘不在宫里啊。胧月，以后你要多去熹娘娘那里玩，熹娘娘可喜欢胧月了。
胧月：熹娘娘生得漂亮，胧月也喜欢，可是我还是最喜欢额娘。",29,128
117,3,0.39585477113723755,ep76,76,1179,False,"（勤政殿，皇帝躺着）
皇帝：渴了，喝点水。
澜依：好，皇上也该到了服用金丹的时候了，（喂丹丸）来，让臣妾伺候您服用。来，让臣妾扶着您。
皇帝：朕记得你刚入宫的时候性子孤傲冷淡，现在是是越来越柔情似水了。
澜依：皇上难道没有听说过“温柔刀，刀刀割人性命”吗？
甄嬛（入）：皇上万福金安。
（澜依使个眼色，出）
甄嬛：皇上气色倒好多了。
皇帝：夏刈呢？
甄嬛：药熬好了，皇上怎么先喝参汤了？
皇帝：夏刈。",29,128
118,1,0.4164651930332184,ep76,76,1179,False,"（勤政殿，皇帝躺着）
皇帝：渴了，喝点水。
澜依：好，皇上也该到了服用金丹的时候了，（喂丹丸）来，让臣妾伺候您服用。来，让臣妾扶着您。
皇帝：朕记得你刚入宫的时候性子孤傲冷淡，现在是是越来越柔情似水了。
澜依：皇上难道没有听说过“温柔刀，刀刀割人性命”吗？
甄嬛（入）：皇上万福金安。
（澜依使个眼色，出）
甄嬛：皇上气色倒好多了。
皇帝：夏刈呢？
甄嬛：药熬好了，皇上怎么先喝参汤了？
皇帝：夏刈。",55,1112
118,2,0.4055379629135132,ep76,76,1182,False,（叶澜依割腕自尽）,55,1112
118,3,0.40256890654563904,ep56,56,894,False,"（景仁宫内室）
甄嬛：给皇后娘娘请安，恭祝娘娘凤体康健、千岁金安。
皇后：起来坐吧。
甄嬛：谢娘娘。
皇后：剪秋，看茶。今儿个也不是初一十五的大日子，熹妃这样早就来了。
甄嬛：本该昨日一回宫就来的，因而今日特来向娘娘请罪。
皇后：你有孕在身，又刚从甘露寺回来，是应该好好地歇息一下，反正日后都要见的，请安也不急在一时。
甄嬛：皇后关怀，臣妾也不敢太放肆。臣妾在外，不敢忘了皇后恩德，因此日日祝祷，奉了",55,1112
119,1,0.4150274991989136,ep76,76,1182,False,（叶澜依割腕自尽）,29,345
119,2,0.403660386800766,ep76,76,1179,False,"（勤政殿，皇帝躺着）
皇帝：渴了，喝点水。
澜依：好，皇上也该到了服用金丹的时候了，（喂丹丸）来，让臣妾伺候您服用。来，让臣妾扶着您。
皇帝：朕记得你刚入宫的时候性子孤傲冷淡，现在是是越来越柔情似水了。
澜依：皇上难道没有听说过“温柔刀，刀刀割人性命”吗？
甄嬛（入）：皇上万福金安。
（澜依使个眼色，出）
甄嬛：皇上气色倒好多了。
皇帝：夏刈呢？
甄嬛：药熬好了，皇上怎么先喝参汤了？
皇帝：夏刈。",29,345
119,3,0.3882177472114563,ep56,56,897,False,"（街）
胧月：额娘，我们这是要去哪儿啊？
敬妃：胧月，额娘带你去给熹娘娘请安。
胧月：就是那天穿得特漂亮的那个吗？
敬妃：胧月真聪明，就是她。
胧月：她也是胧月的额娘吗？为什么胧月以前都没有见过她？
敬妃：胧月，以前熹娘娘不在宫里啊。胧月，以后你要多去熹娘娘那里玩，熹娘娘可喜欢胧月了。
胧月：熹娘娘生得漂亮，胧月也喜欢，可是我还是最喜欢额娘。",29,345
120,1,0.382172167301178,ep76,76,1182,False,（叶澜依割腕自尽）,21,109
120,2,0.3627987504005432,ep76,76,1179,False,"（勤政殿，皇帝躺着）
皇帝：渴了，喝点水。
澜依：好，皇上也该到了服用金丹的时候了，（喂丹丸）来，让臣妾伺候您服用。来，让臣妾扶着您。
皇帝：朕记得你刚入宫的时候性子孤傲冷淡，现在是是越来越柔情似水了。
澜依：皇上难道没有听说过“温柔刀，刀刀割人性命”吗？
甄嬛（入）：皇上万福金安。
（澜依使个眼色，出）
甄嬛：皇上气色倒好多了。
皇帝：夏刈呢？
甄嬛：药熬好了，皇上怎么先喝参汤了？
皇帝：夏刈。",21,109
120,3,0.3445660173892975,ep56,56,894,False,"（景仁宫内室）
甄嬛：给皇后娘娘请安，恭祝娘娘凤体康健、千岁金安。
皇后：起来坐吧。
甄嬛：谢娘娘。
皇后：剪秋，看茶。今儿个也不是初一十五的大日子，熹妃这样早就来了。
甄嬛：本该昨日一回宫就来的，因而今日特来向娘娘请罪。
皇后：你有孕在身，又刚从甘露寺回来，是应该好好地歇息一下，反正日后都要见的，请安也不急在一时。
甄嬛：皇后关怀，臣妾也不敢太放肆。臣妾在外，不敢忘了皇后恩德，因此日日祝祷，奉了",21,109
121,1,0.3964357376098633,ep76,76,1182,False,（叶澜依割腕自尽）,41,102
121,2,0.3813652992248535,ep76,76,1179,False,"（勤政殿，皇帝躺着）
皇帝：渴了，喝点水。
澜依：好，皇上也该到了服用金丹的时候了，（喂丹丸）来，让臣妾伺候您服用。来，让臣妾扶着您。
皇帝：朕记得你刚入宫的时候性子孤傲冷淡，现在是是越来越柔情似水了。
澜依：皇上难道没有听说过“温柔刀，刀刀割人性命”吗？
甄嬛（入）：皇上万福金安。
（澜依使个眼色，出）
甄嬛：皇上气色倒好多了。
皇帝：夏刈呢？
甄嬛：药熬好了，皇上怎么先喝参汤了？
皇帝：夏刈。",41,102
121,3,0.37382757663726807,ep56,56,894,False,"（景仁宫内室）
甄嬛：给皇后娘娘请安，恭祝娘娘凤体康健、千岁金安。
皇后：起来坐吧。
甄嬛：谢娘娘。
皇后：剪秋，看茶。今儿个也不是初一十五的大日子，熹妃这样早就来了。
甄嬛：本该昨日一回宫就来的，因而今日特来向娘娘请罪。
皇后：你有孕在身，又刚从甘露寺回来，是应该好好地歇息一下，反正日后都要见的，请安也不急在一时。
甄嬛：皇后关怀，臣妾也不敢太放肆。臣妾在外，不敢忘了皇后恩德，因此日日祝祷，奉了",41,102
122,1,0.44476574659347534,ep76,76,1182,False,（叶澜依割腕自尽）,23,619
122,2,0.4073813855648041,ep76,76,1179,False,"（勤政殿，皇帝躺着）
皇帝：渴了，喝点水。
澜依：好，皇上也该到了服用金丹的时候了，（喂丹丸）来，让臣妾伺候您服用。来，让臣妾扶着您。
皇帝：朕记得你刚入宫的时候性子孤傲冷淡，现在是是越来越柔情似水了。
澜依：皇上难道没有听说过“温柔刀，刀刀割人性命”吗？
甄嬛（入）：皇上万福金安。
（澜依使个眼色，出）
甄嬛：皇上气色倒好多了。
皇帝：夏刈呢？
甄嬛：药熬好了，皇上怎么先喝参汤了？
皇帝：夏刈。",23,619
122,3,0.40153664350509644,ep56,56,897,False,"（街）
胧月：额娘，我们这是要去哪儿啊？
敬妃：胧月，额娘带你去给熹娘娘请安。
胧月：就是那天穿得特漂亮的那个吗？
敬妃：胧月真聪明，就是她。
胧月：她也是胧月的额娘吗？为什么胧月以前都没有见过她？
敬妃：胧月，以前熹娘娘不在宫里啊。胧月，以后你要多去熹娘娘那里玩，熹娘娘可喜欢胧月了。
胧月：熹娘娘生得漂亮，胧月也喜欢，可是我还是最喜欢额娘。",23,619
123,1,0.42729079723358154,ep76,76,1182,False,（叶澜依割腕自尽）,35,888
123,2,0.3945581912994385,ep76,76,1179,False,"（勤政殿，皇帝躺着）
皇帝：渴了，喝点水。
澜依：好，皇上也该到了服用金丹的时候了，（喂丹丸）来，让臣妾伺候您服用。来，让臣妾扶着您。
皇帝：朕记得你刚入宫的时候性子孤傲冷淡，现在是是越来越柔情似水了。
澜依：皇上难道没有听说过“温柔刀，刀刀割人性命”吗？
甄嬛（入）：皇上万福金安。
（澜依使个眼色，出）
甄嬛：皇上气色倒好多了。
皇帝：夏刈呢？
甄嬛：药熬好了，皇上怎么先喝参汤了？
皇帝：夏刈。",35,888
123,3,0.37306198477745056,ep56,56,894,False,"（景仁宫内室）
甄嬛：给皇后娘娘请安，恭祝娘娘凤体康健、千岁金安。
皇后：起来坐吧。
甄嬛：谢娘娘。
皇后：剪秋，看茶。今儿个也不是初一十五的大日子，熹妃这样早就来了。
甄嬛：本该昨日一回宫就来的，因而今日特来向娘娘请罪。
皇后：你有孕在身，又刚从甘露寺回来，是应该好好地歇息一下，反正日后都要见的，请安也不急在一时。
甄嬛：皇后关怀，臣妾也不敢太放肆。臣妾在外，不敢忘了皇后恩德，因此日日祝祷，奉了",35,888
